FILE	/private/tmp/oath-runtime-catalog/crops/denizen-base-pre1-1-1.jpg
0.280443	0.847926	0.490775	0.048387	1.000	Pire Talkers
0.143911	0.080645	0.129151	0.059908	1.000	+3
0.811808	0.246544	0.081181	0.032258	0.300	lip*
0.434463	0.111102	0.437347	0.051990	1.000	if you hold the
0.439114	0.069124	0.439114	0.041475	1.000	Darkest Secret.
0.918819	0.025346	0.036900	0.018433	1.000	31
FILE	/private/tmp/oath-runtime-catalog/crops/denizen-base-pre1-1-2.jpg
0.280246	0.840342	0.498549	0.058947	1.000	Spirit Snare
0.184502	0.119816	0.398524	0.036866	1.000	AcTIoN: Take
0.678665	0.119328	0.151895	0.037843	1.000	from
0.217712	0.066820	0.579336	0.046083	1.000	any one favor bank.
0.915129	0.025346	0.036900	0.018433	1.000	33
FILE	/private/tmp/oath-runtime-catalog/crops/denizen-base-pre1-1-3.jpg
0.265683	0.843318	0.597786	0.055300	1.000	(izard School
0.162362	0.119816	0.405904	0.036866	1.000	AcTIoN: Gain
0.660517	0.112903	0.180812	0.043779	1.000	, then
0.206642	0.069124	0.590406	0.043779	1.000	end your Act Phase.
0.911439	0.025346	0.033210	0.016129	1.000	34
FILE	/private/tmp/oath-runtime-catalog/crops/denizen-base-pre1-1-4.jpg
0.110701	0.857143	0.033210	0.018433	1.000	*
0.265490	0.847510	0.266068	0.049219	1.000	Dazzle
0.221402	0.175115	0.546125	0.043779	1.000	WHEN PLAYED, discard
0.232472	0.142857	0.084871	0.029954	1.000	all (
0.383764	0.142857	0.099631	0.034562	1.000	and
0.568046	0.142329	0.196012	0.033315	1.000	cards at
0.254613	0.096774	0.479705	0.034562	1.000	sites in your region.
0.841328	0.062212	0.040590	0.016129	1.000	35
FILE	/private/tmp/oath-runtime-catalog/crops/denizen-base-pre1-1-5.jpg
0.276753	0.868664	0.619926	0.062212	1.000	Acting Troupe
0.140221	0.142857	0.752768	0.046083	1.000	Act as if Acting Troupe is
0.177122	0.103687	0.036900	0.027650	1.000	a
0.309963	0.103687	0.066421	0.025346	1.000	or
0.461017	0.102542	0.388716	0.043555	1.000	card instead.
0.922509	0.055300	0.036900	0.018433	1.000	36
FILE	/private/tmp/oath-runtime-catalog/crops/denizen-base-pre1-1-6.jpg
0.273063	0.870968	0.619926	0.057604	1.000	Taming Charm
0.169742	0.168203	0.450185	0.032258	1.000	ActIoN: Discard a
0.704797	0.168203	0.059041	0.020737	1.000	Or
0.169742	0.124424	0.564576	0.036866	1.000	card at your site to gain
0.132841	0.085253	0.760148	0.039171	1.000	from the matching favor bank.
0.915129	0.055300	0.040590	0.018433	1.000	37
FILE	/private/tmp/oath-runtime-catalog/crops/denizen-base-pre1-1-7.jpg
0.264769	0.867555	0.544262	0.066734	1.000	Secret Signal
0.154982	0.147465	0.590406	0.046083	1.000	If you gain only one
0.238203	0.100787	0.426955	0.046265	1.000	gain one more
0.911439	0.055300	0.036900	0.018433	1.000	55
FILE	/private/tmp/oath-runtime-catalog/crops/denizen-base-pre1-1-8.jpg
0.264869	0.869133	0.311591	0.058970	0.500	Alugury
0.188192	0.149770	0.597786	0.039171	1.000	Draw one more card
0.073801	0.099078	0.841328	0.041475	1.000	(Stop after a Vision as normal.)
0.904059	0.055300	0.040590	0.018433	1.000	56
FILE	/private/tmp/oath-runtime-catalog/crops/denizen-base-pre1-10-1.jpg
0.283979	0.847323	0.480013	0.049593	1.000	Enchantress
0.095941	0.115207	0.833948	0.043779	1.000	AcTIon: Swap this card with
0.173432	0.066820	0.678967	0.046083	1.000	any one faceup adviser.
0.918819	0.025346	0.044280	0.018433	1.000	96
FILE	/private/tmp/oath-runtime-catalog/crops/denizen-base-pre1-10-2.jpg
0.276254	0.846332	0.384762	0.051575	1.000	Insomnia
0.081181	0.781106	0.143911	0.032258	1.000	000
0.059041	0.124424	0.900369	0.046083	1.000	You can only have two advisers.
0.283776	0.058776	0.329127	0.043738	1.000	REST: Gain
0.915129	0.025346	0.040590	0.018433	1.000	97
FILE	/private/tmp/oath-runtime-catalog/crops/denizen-base-pre1-10-3.jpg
0.261993	0.847926	0.564576	0.052995	1.000	Sneak Attack
0.059237	0.132079	0.888182	0.047945	1.000	After another player's campaign, you
0.066421	0.092166	0.874539	0.041475	1.000	may campaign, spending no Supply,
0.066421	0.055300	0.874539	0.039171	1.000	if you declare them as the defender.
0.907749	0.023041	0.044280	0.025346	1.000	98
FILE	/private/tmp/oath-runtime-catalog/crops/denizen-base-pre1-10-4.jpg
0.246804	0.846250	0.469492	0.051739	1.000	Chaos Oult
0.177122	0.135945	0.634686	0.039171	1.000	After another player takes
0.184502	0.096774	0.612546	0.039171	1.000	the Oathkeeper title, you
0.258303	0.064516	0.121771	0.032258	1.000	take
0.446014	0.062114	0.285767	0.037947	1.000	from them.
0.892989	0.027650	0.047970	0.016129	1.000	101
FILE	/private/tmp/oath-runtime-catalog/crops/denizen-base-pre1-10-5.jpg
0.279481	0.867621	0.507459	0.066601	1.000	Wayside Inn
0.162362	0.119816	0.704797	0.046083	1.000	AcTIon: Gain 2 Supply.
0.922509	0.055300	0.033210	0.018433	1.000	47
FILE	/private/tmp/oath-runtime-catalog/crops/denizen-base-pre1-10-6.jpg
0.273063	0.880184	0.579336	0.046083	1.000	Extra Provisions
0.678967	0.463134	0.033210	0.013825	1.000	-
0.918819	0.057604	0.029520	0.013825	1.000	48
FILE	/private/tmp/oath-runtime-catalog/crops/denizen-base-pre1-10-7.jpg
0.265683	0.873272	0.627306	0.052995	1.000	(elcoming Party
0.132841	0.163594	0.738007	0.039171	1.000	If you play a denizen card that
0.161773	0.121869	0.676962	0.045574	1.000	was not a facedown adviser,
0.180812	0.087558	0.110701	0.034562	1.000	gain
0.368710	0.091362	0.221989	0.033867	1.000	from the
0.675277	0.087558	0.147601	0.036866	1.000	bank.
FILE	/private/tmp/oath-runtime-catalog/crops/denizen-base-pre1-10-8.jpg
0.261993	0.873272	0.605166	0.052995	1.000	Traveling Doctor
0.188192	0.182028	0.612546	0.041475	1.000	If you're defeated, kill no
0.066421	0.142857	0.852399	0.036866	1.000	warbands in your force and discard
0.099631	0.105991	0.793358	0.039171	1.000	Traveling Doctor. Ignore powers
0.191882	0.069124	0.608856	0.036866	1.000	that kill all of your force.
0.904059	0.055300	0.036900	0.018433	1.000	51
FILE	/private/tmp/oath-runtime-catalog/crops/denizen-base-pre1-11-1.jpg
0.287617	0.840403	0.417385	0.056521	1.000	Storyteller
0.232472	0.135945	0.343173	0.034562	1.000	AcTIoN: Place
0.667897	0.135945	0.121771	0.034562	1.000	from
0.273063	0.099078	0.476015	0.034562	1.000	the shared bank on
0.280443	0.057604	0.464945	0.036866	1.000	the Darkest Secret.
0.922509	0.025346	0.040590	0.018433	1.000	52
FILE	/private/tmp/oath-runtime-catalog/crops/denizen-base-pre1-11-2.jpg
0.273063	0.845622	0.523985	0.052995	1.000	Armed Mob
0.106667	0.137097	0.806667	0.038018	1.000	AcTIoN: Discard a faceup adviser
0.060000	0.091667	0.886667	0.041974	1.000	from a player who holds the Darkest
0.103321	0.055300	0.808118	0.039171	1.000	Secret but not the People's Favor.
0.915129	0.025346	0.040590	0.018433	1.000	53
FILE	/private/tmp/oath-runtime-catalog/crops/denizen-base-pre1-11-3.jpg
0.110701	0.852535	0.077491	0.020737	1.000	• O
0.269117	0.837775	0.554017	0.061777	1.000	Tavern Songs
0.261993	0.135945	0.483395	0.034562	1.000	Action: Peek at the
0.225092	0.094470	0.553506	0.036866	1.000	top three cards of your
0.250923	0.055300	0.505535	0.041475	1.000	region's discard pile.
0.911439	0.025346	0.036900	0.018433	1.000	54
FILE	/private/tmp/oath-runtime-catalog/crops/denizen-base-pre1-11-4.jpg
0.276753	0.921659	0.243542	0.050691	0.500	nono °
0.261993	0.841014	0.564576	0.057604	1.000	homesteaders
0.109932	0.113649	0.783845	0.049882	1.000	AcTION: Move one of your
0.095941	0.066820	0.804428	0.046083	1.000	faceup advisers to your site.
0.892989	0.025346	0.051661	0.018433	1.000	127
FILE	/private/tmp/oath-runtime-catalog/crops/denizen-base-pre1-11-5.jpg
0.162362	0.884793	0.033210	0.018433	1.000	•
0.279384	0.864170	0.581453	0.066590	1.000	Crop Rotation
0.110701	0.140553	0.797048	0.048387	1.000	If playing to a site, you may
0.093333	0.100000	0.833333	0.046313	1.000	discard a denizen there first.
0.904059	0.055300	0.055351	0.018433	1.000	128
FILE	/private/tmp/oath-runtime-catalog/crops/denizen-base-pre1-11-6.jpg
0.258303	0.873272	0.579336	0.057604	1.000	Land Carden
0.169742	0.163594	0.671587	0.039171	1.000	You may play two cards you
0.136531	0.124424	0.738007	0.039171	1.000	draw (instead of one) if you play
0.195353	0.087452	0.616836	0.036531	1.000	at least one card to a site.
0.900369	0.055300	0.051661	0.018433	1.000	130
FILE	/private/tmp/oath-runtime-catalog/crops/denizen-base-pre1-11-7.jpg
0.265683	0.873272	0.627306	0.050691	1.000	Charming Priend
0.059041	0.149770	0.398524	0.036866	1.000	ACTION: Take
0.553192	0.144041	0.391771	0.046019	1.000	from a player
0.110701	0.096774	0.782288	0.043779	1.000	whose pawn is at your site.
0.896679	0.055300	0.051661	0.018433	1.000	131
FILE	/private/tmp/oath-runtime-catalog/crops/denizen-base-pre1-11-8.jpg
0.265683	0.873272	0.605166	0.052995	1.000	Village Constable
0.044280	0.117512	0.125461	0.055300	1.000	+2
0.302583	0.145161	0.656827	0.043779	1.000	unless your enemy has
0.302583	0.096774	0.546125	0.050691	1.000	the People's Favor.
0.889299	0.055300	0.051661	0.018433	1.000	132
FILE	/private/tmp/oath-runtime-catalog/crops/denizen-base-pre1-12-1.jpg
0.169742	0.854839	0.029520	0.018433	1.000	•
0.081181	0.778802	0.151292	0.032258	1.000	000
0.276753	0.843318	0.616236	0.052995	1.000	Family heirloom
0.184502	0.175115	0.667897	0.041475	1.000	WHEN PLAYED, draw a relic.
0.236162	0.138249	0.564576	0.036866	1.000	Take it or put it on the
0.217712	0.096774	0.605166	0.039171	1.000	bottom of the relic deck.
0.848708	0.062212	0.047970	0.013825	1.000	133
FILE	/private/tmp/oath-runtime-catalog/crops/denizen-base-pre1-12-2.jpg
0.273063	0.850230	0.571956	0.046083	1.000	News from Alfar
0.247232	0.092166	0.520295	0.043779	1.000	Spend no Supply.
0.900369	0.025346	0.051661	0.018433	1.000	134
FILE	/private/tmp/oath-runtime-catalog/crops/denizen-base-pre1-12-3.jpg
0.269373	0.847926	0.324723	0.048387	1.000	Levelers
0.088561	0.135945	0.354244	0.034562	1.000	AcTIoN: Move
0.560886	0.135945	0.354244	0.034562	1.000	from the favor
0.073801	0.099078	0.487085	0.034562	1.000	bank with the most
0.630811	0.098402	0.295574	0.033611	1.000	to that with
0.154982	0.059908	0.217712	0.034562	1.000	the least
0.428044	0.055300	0.420664	0.039171	1.000	. You decide ties.
0.896679	0.025346	0.051661	0.018433	1.000	135
FILE	/private/tmp/oath-runtime-catalog/crops/denizen-base-pre1-12-4.jpg
0.261993	0.847926	0.520295	0.050691	1.000	Pabled Peast
0.132841	0.193548	0.531365	0.041475	1.000	WHEN PLAYED, take X
0.719557	0.198157	0.143911	0.036866	1.000	equal
0.110701	0.161290	0.439114	0.032258	1.000	to the number of
0.634484	0.156209	0.232877	0.040117	1.000	cards you
0.169742	0.115207	0.660517	0.041475	1.000	rule (including Fabled Feast),
0.188192	0.076037	0.619926	0.039171	1.000	from any one favor bank.
0.833948	0.064516	0.051661	0.011521	1.000	156
FILE	/private/tmp/oath-runtime-catalog/crops/denizen-base-pre1-12-5.jpg
0.280443	0.873272	0.557196	0.052995	1.000	The Great Levy
0.062731	0.117512	0.118081	0.055300	1.000	+3
0.324723	0.161290	0.642066	0.039171	1.000	and ignore all skulls a you
0.324723	0.122120	0.564576	0.039171	1.000	roll, unless your enemy
0.324723	0.087558	0.557196	0.039171	1.000	has the People's Favor.
0.907749	0.055300	0.051661	0.018433	1.000	137
FILE	/private/tmp/oath-runtime-catalog/crops/denizen-base-pre1-12-6.jpg
0.269373	0.877880	0.638376	0.046083	1.000	hearts and Minds
0.077491	0.163594	0.856089	0.039171	1.000	As defender, you're victorious now.
0.080000	0.125000	0.840000	0.042051	1.000	At end, discard Hearts and Minds
0.073333	0.082949	0.860000	0.046217	1.000	unless you hold the People's Favor.
0.900369	0.055300	0.051661	0.018433	1.000	138
FILE	/private/tmp/oath-runtime-catalog/crops/denizen-base-pre1-12-7.jpg
0.261993	0.875576	0.579336	0.052995	1.000	Book Binders
0.166052	0.161290	0.667897	0.041475	1.000	After another player plays a
0.158672	0.124424	0.564576	0.039171	1.000	Vision faceup, you gain
0.191882	0.085253	0.616236	0.039171	1.000	from any one favor bank.
0.896679	0.055300	0.051661	0.018433	1.000	140
FILE	/private/tmp/oath-runtime-catalog/crops/denizen-base-pre1-12-8.jpg
0.269373	0.877880	0.601476	0.052995	1.000	Saddle Makers
0.110701	0.161290	0.678967	0.039171	1.000	After another player plays a
0.272863	0.123720	0.347264	0.040578	1.000	card, you gain
0.738007	0.129032	0.125461	0.032258	1.000	from
0.188192	0.085253	0.616236	0.039171	1.000	the matching favor bank.
0.889299	0.055300	0.051661	0.018433	1.000	142
FILE	/private/tmp/oath-runtime-catalog/crops/denizen-base-pre1-13-1.jpg
0.273063	0.838710	0.291513	0.059908	1.000	herald
0.129151	0.133641	0.767528	0.036866	1.000	After another player campaigns
0.110701	0.094470	0.793358	0.036866	1.000	against a player (not bandits), you
0.162362	0.055300	0.107011	0.036866	1.000	gain
0.350554	0.055300	0.512915	0.039171	1.000	from any favor bank.
0.907749	0.025346	0.051661	0.018433	1.000	143
FILE	/private/tmp/oath-runtime-catalog/crops/denizen-base-pre1-13-2.jpg
0.276753	0.841014	0.483395	0.057604	1.000	Rowdy Pub
0.113333	0.116359	0.786667	0.041974	1.000	Gain one more warband if
0.095941	0.066820	0.826568	0.046083	1.000	mustering from Rowdy Pub.
0.904059	0.023041	0.047970	0.018433	1.000	144
FILE	/private/tmp/oath-runtime-catalog/crops/denizen-base-pre1-13-3.jpg
0.273063	0.845622	0.553506	0.052995	1.000	Vow of Peace
0.077491	0.781106	0.143911	0.032258	1.000	000
0.227894	0.131761	0.547960	0.040107	1.000	You cannot campaign.
0.062731	0.099078	0.870849	0.032258	1.000	Attackers cannot sacrifice warbands
0.073801	0.055300	0.852399	0.036866	1.000	to increase their attack against you.
0.896679	0.025346	0.051661	0.018433	1.000	145
FILE	/private/tmp/oath-runtime-catalog/crops/denizen-base-pre1-13-4.jpg
0.269016	0.837687	0.450898	0.064257	1.000	Salad Days
0.261993	0.175115	0.472325	0.039171	1.000	WHEN PLAYED, gain
0.306273	0.140553	0.531365	0.034562	1.000	-one each from three
0.239852	0.099078	0.523985	0.036866	1.000	different favor banks.
0.830258	0.059908	0.059041	0.016129	1.000	147
FILE	/private/tmp/oath-runtime-catalog/crops/denizen-base-pre1-13-5.jpg
0.275829	0.868542	0.374541	0.062455	1.000	Marriage
0.084871	0.808756	0.143911	0.034562	1.000	030
0.183613	0.157533	0.569922	0.041292	1.000	Marriage counts as two
0.110701	0.124424	0.785978	0.034562	1.000	advisers, but only counts as one
0.195572	0.085253	0.630996	0.039171	1.000	toward your adviser limit.
0.904059	0.055300	0.055351	0.018433	1.000	148
FILE	/private/tmp/oath-runtime-catalog/crops/denizen-base-pre1-13-6.jpg
0.269373	0.868664	0.346863	0.059908	1.000	hospital
0.095941	0.161290	0.815498	0.041475	1.000	If any of your warbands would be
0.110701	0.124424	0.782288	0.041475	1.000	killed, place them on Hospital's
0.151292	0.087558	0.712177	0.036866	1.000	site instead if you still rule it.
0.900369	0.055300	0.051661	0.018433	1.000	149
FILE	/private/tmp/oath-runtime-catalog/crops/denizen-base-pre1-13-7.jpg
0.265683	0.880184	0.568266	0.043779	1.000	Awaited Return
0.107011	0.140553	0.785978	0.039171	1.000	Spend no Supply if you sacrifice
0.151292	0.101382	0.697417	0.036866	1.000	one warband on your board.
0.896679	0.055300	0.051661	0.018433	1.000	150
FILE	/private/tmp/oath-runtime-catalog/crops/denizen-base-pre1-13-8.jpg
0.249922	0.871811	0.478016	0.060525	1.000	Rain Boots
0.206642	0.163594	0.575646	0.041475	1.000	Ignore all your enemy's
0.206642	0.124424	0.575646	0.039171	1.000	rolls of single shields .
0.154982	0.082949	0.682657	0.041475	1.000	At end, discard Rain Boots.
0.904059	0.055300	0.036900	0.018433	1.000	14
FILE	/private/tmp/oath-runtime-catalog/crops/denizen-base-pre1-14-1.jpg
0.280443	0.843318	0.612546	0.050691	1.000	Ancient Binding
0.107011	0.131336	0.726937	0.039171	1.000	Action: Each player burns all
0.095499	0.094145	0.831179	0.042032	1.000	from their board and cards except
0.062506	0.059329	0.225541	0.035719	1.000	their last
0.357847	0.054968	0.383936	0.039834	1.000	• (Keep only your
0.830112	0.057390	0.129444	0.034990	1.000	here.)
0.918819	0.025346	0.040590	0.018433	1.000	23
FILE	/private/tmp/oath-runtime-catalog/crops/denizen-base-pre1-14-2.jpg
0.276753	0.843318	0.583026	0.052995	1.000	Morse Archers
0.143911	0.087558	0.118081	0.052995	1.000	+3
0.424135	0.112055	0.450622	0.047780	1.000	At end, discard
0.428044	0.069124	0.442804	0.041475	1.000	Horse Archers.
0.915129	0.025346	0.036900	0.018433	1.000	24
FILE	/private/tmp/oath-runtime-catalog/crops/denizen-base-pre1-14-3.jpg
0.265683	0.841014	0.586716	0.055300	1.000	Warning Signals
0.107011	0.154378	0.785978	0.036866	1.000	Move any warbands to and from
0.086667	0.108295	0.813333	0.046083	1.000	your board and any sites you rule
0.088561	0.076037	0.819188	0.036866	1.000	(except the last warband from a site).
0.095941	0.034562	0.811808	0.041475	1.000	At end, discard Warning Signals.
0.907749	0.025346	0.040590	0.018433	1.000	25
FILE	/private/tmp/oath-runtime-catalog/crops/denizen-base-pre1-14-4.jpg
0.247232	0.845622	0.276753	0.052995	1.000	elders
0.232472	0.096774	0.409594	0.036866	1.000	AcTIoN: Gain
0.904059	0.025346	0.036900	0.018433	1.000	26
FILE	/private/tmp/oath-runtime-catalog/crops/denizen-base-pre1-14-5.jpg
0.280443	0.870968	0.612546	0.057604	1.000	The Gathering
0.202952	0.306452	0.619926	0.041475	1.000	WHEN PLAYED, any players
0.180812	0.269585	0.656827	0.034562	1.000	in turn order may put their
0.221402	0.223502	0.586716	0.041475	1.000	pawn on this site. Then,
0.173432	0.188940	0.678967	0.039171	1.000	players with pawns here may
0.177122	0.147465	0.667897	0.039171	1.000	negotiate binding exchanges
0.158672	0.112903	0.062731	0.032258	1.000	of
0.369004	0.103687	0.498155	0.041475	1.000	; relics, and advisers.
0.863469	0.094470	0.025830	0.013825	1.000	27
FILE	/private/tmp/oath-runtime-catalog/crops/denizen-base-pre1-14-6.jpg
0.273063	0.880184	0.553506	0.046083	1.000	Faithful Friend
0.081181	0.811060	0.147601	0.032258	1.000	000
0.331033	0.148250	0.360377	0.037057	1.000	WHEN PLAYED,
0.331972	0.105521	0.354507	0.040109	1.000	gain 4 Supply.
0.852399	0.089862	0.036900	0.018433	1.000	28
FILE	/private/tmp/oath-runtime-catalog/crops/denizen-base-pre1-14-7.jpg
0.269269	0.877691	0.236370	0.051070	1.000	Tents
0.118081	0.142857	0.752768	0.048387	1.000	Spend no Supply if you're
0.055351	0.096774	0.896679	0.043779	1.000	traveling to a site in your region.
0.907749	0.055300	0.040590	0.018433	1.000	29
FILE	/private/tmp/oath-runtime-catalog/crops/denizen-base-pre1-14-8.jpg
0.257806	0.873806	0.469628	0.056535	1.000	Great herd
0.209118	0.203003	0.574440	0.044529	1.000	WHEN PLAYED, you may
0.225092	0.168203	0.542435	0.039171	1.000	swap Great Herd with
0.247232	0.133641	0.025830	0.020737	1.000	a
0.368880	0.126231	0.376630	0.037861	1.000	card at any site.
0.841328	0.092166	0.047970	0.016129	1.000	30
FILE	/private/tmp/oath-runtime-catalog/crops/denizen-base-pre1-15-1.jpg
0.275552	0.842427	0.338348	0.052134	1.000	Convoys
0.147601	0.133641	0.745387	0.039171	1.000	AcTIoN: Take another region's
0.066421	0.089862	0.892989	0.043779	1.000	discard pile and put it on top of your
0.099631	0.055300	0.830258	0.039171	1.000	region's discard pile (even if empty).
0.911439	0.027650	0.047970	0.016129	1.000	151
FILE	/private/tmp/oath-runtime-catalog/crops/denizen-base-pre1-15-2.jpg
0.272223	0.845201	0.562873	0.053873	1.000	Vow of Kinship
0.077491	0.778802	0.147601	0.034562	1.000	630
0.073333	0.149770	0.860000	0.041897	1.000	Move all of your ® to the bank.
0.107011	0.115207	0.107011	0.036866	1.000	Any
0.077491	0.080645	0.088561	0.032258	1.000	the
0.291513	0.112903	0.601476	0.034562	1.000	you gain or take is put in
0.250923	0.076037	0.446494	0.034562	1.000	bank. You can use
0.774908	0.080645	0.158672	0.032258	1.000	in the
0.184502	0.036866	0.726937	0.039171	1.000	bank as if it is on your board.
0.896679	0.025346	0.055351	0.018433	1.000	152
FILE	/private/tmp/oath-runtime-catalog/crops/denizen-base-pre1-15-3.jpg
0.258303	0.843318	0.560886	0.055300	1.000	Cild Mounts
0.086667	0.133333	0.813333	0.041782	1.000	If you would discard any number
0.066667	0.091667	0.846667	0.045833	1.000	of battle plans, you may instead
0.086667	0.054147	0.813333	0.041686	1.000	discard any one card you rule.
0.892840	0.025170	0.055649	0.018785	1.000	153
FILE	/private/tmp/oath-runtime-catalog/crops/denizen-base-pre1-15-4.jpg
0.232472	0.847926	0.346863	0.050691	1.000	Lancers
0.073801	0.112903	0.848708	0.046083	1.000	Double your total attack roll.
0.118081	0.064516	0.734317	0.048387	1.000	At end, discard Lancers.
0.889299	0.025346	0.051661	0.018433	1.000	154
FILE	/private/tmp/oath-runtime-catalog/crops/denizen-base-pre1-15-5.jpg
0.284133	0.880184	0.605166	0.046083	1.000	Mountain Giant
0.070111	0.117512	0.118081	0.052995	1.000	+1
0.343173	0.115207	0.225092	0.055300	1.000	OR +3
0.723148	0.142665	0.228980	0.046468	1.000	At end,
0.726550	0.100534	0.229556	0.043172	1.000	discard.
0.907749	0.055300	0.051661	0.018433	1.000	155
FILE	/private/tmp/oath-runtime-catalog/crops/denizen-base-pre1-15-6.jpg
0.273063	0.880184	0.468635	0.046083	1.000	Rival Khan
0.118081	0.110599	0.136531	0.062212	1.000	+4
0.405904	0.163594	0.472325	0.034562	1.000	if your enemy has a
0.483395	0.126728	0.376384	0.036866	1.000	adviser. At end
0.409594	0.087558	0.487085	0.036866	1.000	discard Rival Khan.
0.900369	0.055300	0.055351	0.018433	1.000	156
FILE	/private/tmp/oath-runtime-catalog/crops/denizen-base-pre1-15-7.jpg
0.199014	0.869964	0.587213	0.059611	1.000	Lost Tongue
0.132841	0.163594	0.734317	0.036866	1.000	Other players cannot target or
0.095941	0.124424	0.808118	0.036866	1.000	take your relics or banners in any
0.125461	0.087558	0.535055	0.034562	1.000	way unless they rule a
0.745387	0.087558	0.129151	0.036866	1.000	card.
0.896679	0.055300	0.051661	0.018433	1.000	157
FILE	/private/tmp/oath-runtime-catalog/crops/denizen-base-pre1-15-8.jpg
0.228782	0.870968	0.601476	0.057604	1.000	Special Envoy
0.140221	0.142857	0.701107	0.046083	1.000	Spend no Supply. After
0.062731	0.096774	0.870849	0.046083	1.000	traveling, end your Act Phase.
0.892989	0.055300	0.051661	0.018433	1.000	158
FILE	/private/tmp/oath-runtime-catalog/crops/denizen-base-pre1-16-1.jpg
0.280443	0.847926	0.317343	0.048387	1.000	Resettle
0.225092	0.133641	0.571956	0.036866	1.000	AcTIon: Move a faceup
0.284133	0.094470	0.535055	0.043779	1.000	card from any player's
0.276753	0.055300	0.468635	0.036866	1.000	advisers to any site.
0.907749	0.025346	0.051661	0.018433	1.000	159
FILE	/private/tmp/oath-runtime-catalog/crops/denizen-base-pre1-16-2.jpg
0.265601	0.847746	0.273226	0.048748	1.000	Oracle
0.110701	0.135945	0.797048	0.034562	1.000	ActIon: Draw the Vision closest
0.093333	0.091667	0.813333	0.041974	1.000	to the top of the world deck. Play
0.132841	0.055300	0.756458	0.039171	1.000	or discard it as if you searched.
0.900369	0.025346	0.055351	0.018433	1.000	160
FILE	/private/tmp/oath-runtime-catalog/crops/denizen-base-pre1-16-3.jpg
0.235600	0.834747	0.477139	0.067833	1.000	Pilgrimage
0.147601	0.278802	0.708487	0.034562	1.000	WHEN PLAYED, move all denizens
0.158672	0.239631	0.686347	0.034562	1.000	at your site to the Dispossessed.
0.110701	0.205069	0.778598	0.027650	1.000	Shuffle and draw denizens from the
0.132841	0.158986	0.745387	0.034562	1.000	Dispossessed equal to the number
0.136531	0.119816	0.734317	0.032258	1.000	you moved. Peek at them and put
0.125461	0.078341	0.756458	0.034562	1.000	them on your region's discard pile.
0.833948	0.059908	0.055351	0.018433	1.000	161
FILE	/private/tmp/oath-runtime-catalog/crops/denizen-base-pre1-16-4.jpg
0.249866	0.834668	0.574068	0.070296	1.000	Spell Breaker
0.169287	0.130941	0.646758	0.044486	1.000	Enemies of Spell Breaker's
0.198581	0.092187	0.588112	0.037786	1.000	ruler cannot use powers
0.206085	0.057751	0.307644	0.032331	1.000	that cost any
0.889299	0.025346	0.051661	0.018433	1.000	162
FILE	/private/tmp/oath-runtime-catalog/crops/denizen-base-pre1-16-5.jpg
0.284133	0.880184	0.575646	0.043779	1.000	Mounted Patrol
0.062731	0.161290	0.752768	0.039171	1.000	The attacker rolls only half the
0.896679	0.170507	0.055351	0.025346	1.000	in
0.102973	0.119712	0.816115	0.044739	1.000	their attack pool, rounded down.
0.110701	0.082949	0.797048	0.041475	1.000	At end, discard Mounted Patrol.
0.904059	0.055300	0.055351	0.018433	1.000	163
FILE	/private/tmp/oath-runtime-catalog/crops/denizen-base-pre1-16-6.jpg
0.276753	0.877880	0.616236	0.048387	1.000	Great Orusade
0.136531	0.112903	0.081181	0.057604	1.000	+
0.383764	0.163594	0.084871	0.027650	1.000	per
0.556898	0.162416	0.340078	0.036919	1.000	card you rule.
0.383691	0.124153	0.372839	0.039713	1.000	At end, discard
0.387454	0.087558	0.376384	0.036866	1.000	Great Crusade.
0.900369	0.055300	0.051661	0.018433	1.000	164
FILE	/private/tmp/oath-runtime-catalog/crops/denizen-base-pre1-16-7.jpg
0.265683	0.880184	0.656827	0.043779	1.000	Ancient Bloodline
0.184502	0.172811	0.642066	0.039171	1.000	Your enemies act as if
0.110701	0.126728	0.782288	0.036866	1.000	denizens and relics at sites
0.199262	0.076037	0.605166	0.043779	1.000	you rule are LOCKED.
0.896679	0.055300	0.051661	0.018433	1.000	165
FILE	/private/tmp/oath-runtime-catalog/crops/denizen-base-pre1-16-8.jpg
0.254613	0.880184	0.538745	0.048387	1.000	Storm Caller
0.103321	0.115207	0.151292	0.057604	1.000	+2
0.405653	0.139632	0.446997	0.050229	1.000	At end, discard
0.405303	0.101947	0.403904	0.044071	1.000	Storm Caller.
0.889299	0.055300	0.051661	0.018433	1.000	167
FILE	/private/tmp/oath-runtime-catalog/crops/denizen-base-pre1-17-1.jpg
0.265326	0.837534	0.517318	0.064563	1.000	ay Station
0.239852	0.456221	0.062731	0.025346	1.000	L
0.660517	0.361751	0.022140	0.018433	1.000	-
0.697417	0.343318	0.033210	0.023041	1.000	T
0.053333	0.145833	0.906667	0.041955	1.000	Spend no Supply if you're traveling to
0.080758	0.109091	0.860710	0.044490	1.000	this site and either rule Way Station
0.139032	0.067146	0.404535	0.044433	1.000	or choose to give
0.619310	0.074605	0.271104	0.036159	1.000	to its ruler.
0.081181	0.041475	0.859779	0.029954	1.000	(Give it to Chancellor if Empire, burn it if bandits.)
0.907749	0.023041	0.059041	0.025346	1.000	169
FILE	/private/tmp/oath-runtime-catalog/crops/denizen-base-pre1-17-2.jpg
0.273063	0.845622	0.575646	0.055300	1.000	Twin Brother
0.153843	0.169569	0.706980	0.047849	1.000	WHEN PLAYED, you may swap
0.191882	0.135945	0.557196	0.039171	1.000	this card with a faceup
0.202952	0.096774	0.616236	0.039171	1.000	adviser of another player.
0.841328	0.059908	0.051661	0.016129	1.000	170
FILE	/private/tmp/oath-runtime-catalog/crops/denizen-base-pre1-17-3.jpg
0.246928	0.840071	0.469244	0.061794	1.000	hospitality
0.103321	0.131336	0.490775	0.039171	1.000	After traveling, gain
0.671444	0.137826	0.225377	0.030799	1.000	from one
0.062731	0.099078	0.874539	0.032258	1.000	favor bank that matches both a card
0.055351	0.055300	0.892989	0.036866	1.000	at your site and one of your advisers.
0.896679	0.025346	0.051661	0.018433	1.000	171
FILE	/private/tmp/oath-runtime-catalog/crops/denizen-base-pre1-17-4.jpg
0.254613	0.847926	0.542435	0.048387	1.000	A Past Steed
0.254613	0.131336	0.483395	0.039171	1.000	Spend no Supply if
0.205955	0.094250	0.569458	0.038726	1.000	you have three or fewer
0.188192	0.055300	0.616236	0.039171	1.000	warbands on your board.
0.889299	0.025346	0.051661	0.018433	1.000	172
FILE	/private/tmp/oath-runtime-catalog/crops/denizen-base-pre1-17-5.jpg
0.280024	0.874372	0.366151	0.053100	1.000	(Crestlers
0.291513	0.145161	0.553506	0.041475	1.000	if you sacrifice one
0.295203	0.099078	0.664207	0.043779	1.000	warband in your force.
FILE	/private/tmp/oath-runtime-catalog/crops/denizen-base-pre1-17-6.jpg
0.273063	0.870968	0.583026	0.057604	1.000	Battle honors
0.147601	0.142857	0.708487	0.046083	1.000	If you're victorious, gain
0.302583	0.103687	0.265683	0.039171	1.000	from the
0.660517	0.101382	0.169742	0.041475	1.000	bank.
FILE	/private/tmp/oath-runtime-catalog/crops/denizen-base-pre1-17-7.jpg
0.261625	0.867574	0.465680	0.064391	1.000	Bear Traps
0.335793	0.149770	0.601476	0.039171	1.000	Kill one warband on
0.331805	0.101262	0.594932	0.047887	1.000	the attacker's board.
FILE	/private/tmp/oath-runtime-catalog/crops/denizen-base-pre1-17-8.jpg
0.247082	0.870537	0.420964	0.058464	1.000	Longbows
FILE	/private/tmp/oath-runtime-catalog/crops/denizen-base-pre1-18-1.jpg
0.280352	0.840739	0.428226	0.055850	1.000	Pressgangs
0.080000	0.116359	0.860000	0.041974	1.000	You can muster on cards that
0.055201	0.066357	0.361923	0.047009	1.000	already have
0.512915	0.073733	0.070111	0.027650	1.000	Or
0.697202	0.071254	0.274182	0.039683	1.000	on them.
FILE	/private/tmp/oath-runtime-catalog/crops/denizen-base-pre1-18-2.jpg
0.276753	0.847926	0.346863	0.048387	1.000	Garrison
0.221402	0.195853	0.575646	0.039171	1.000	WHEN PLAYED, gain one
0.132841	0.154378	0.738007	0.039171	1.000	warband per site you rule, and
0.169742	0.117512	0.675277	0.039171	1.000	put one warband from your
0.166052	0.076037	0.682657	0.039171	1.000	board on each site you rule.
FILE	/private/tmp/oath-runtime-catalog/crops/denizen-base-pre1-18-3.jpg
0.269153	0.847455	0.277192	0.051634	1.000	Scouts
0.284133	0.092166	0.439114	0.041475	1.000	Gain 1 Supply.
FILE	/private/tmp/oath-runtime-catalog/crops/denizen-base-pre1-18-4.jpg
0.258303	0.843318	0.634686	0.052995	1.000	Code of honor
0.077491	0.085253	0.121771	0.055300	1.000	+2
0.363134	0.105482	0.564345	0.054064	1.000	but you cannot use
0.361624	0.069124	0.538745	0.043779	1.000	other battle plans.
0.892989	0.027650	0.051661	0.016129	1.000	103
FILE	/private/tmp/oath-runtime-catalog/crops/denizen-base-pre1-18-5.jpg
0.279707	0.875465	0.388926	0.053217	1.000	Outriders
0.110701	0.122120	0.797048	0.043779	1.000	Ignore all skulls a you roll.
0.904059	0.055300	0.051661	0.018433	1.000	104
FILE	/private/tmp/oath-runtime-catalog/crops/denizen-base-pre1-18-6.jpg
0.276999	0.862089	0.423218	0.066759	1.000	Messenger
0.081181	0.163594	0.845018	0.039171	1.000	AcTIoN: Move any warbands to and
0.093333	0.124424	0.813333	0.042627	1.000	from your board and any sites you
0.055351	0.087558	0.900369	0.034562	1.000	rule (except the last warband from a site).
0.900369	0.055300	0.051661	0.018433	1.000	105
FILE	/private/tmp/oath-runtime-catalog/crops/denizen-base-pre1-18-7.jpg
0.265683	0.880184	0.623616	0.046083	1.000	Field Promotion
0.214022	0.142857	0.575646	0.046083	1.000	If you're victorious,
0.195572	0.096774	0.612546	0.046083	1.000	gain three warbands.
0.896679	0.055300	0.051661	0.018433	1.000	106
FILE	/private/tmp/oath-runtime-catalog/crops/denizen-base-pre1-18-8.jpg
0.261887	0.870666	0.420875	0.058207	1.000	Palanquin
0.081181	0.182028	0.822878	0.032258	1.000	Action: Choose a player whose pawn
0.077491	0.145161	0.830258	0.032258	1.000	is at your site. Put your pawn on a site
0.110701	0.108295	0.771218	0.034562	1.000	that they can travel to. Make them
0.073801	0.069124	0.845018	0.036866	1.000	travel to that site, spending no Supply.
0.889299	0.055300	0.051661	0.018433	1.000	107
FILE	/private/tmp/oath-runtime-catalog/crops/denizen-base-pre1-19-1.jpg
0.287466	0.842113	0.469349	0.057710	1.000	Shield (Call
0.062731	0.087558	0.140221	0.055300	1.000	+2
0.361624	0.112903	0.531365	0.046083	1.000	If you're defeated,
0.361624	0.069124	0.594096	0.043779	1.000	kill all of your force.
0.907749	0.025346	0.051661	0.018433	1.000	108
FILE	/private/tmp/oath-runtime-catalog/crops/denizen-base-pre1-19-2.jpg
0.276753	0.843318	0.560886	0.050691	1.000	Military Parade
0.059041	0.131336	0.594096	0.041475	1.000	If you're victorious, gain
0.730161	0.136951	0.222335	0.034853	1.000	from the
0.059041	0.094470	0.900369	0.039171	1.000	favor banks matching each adviser of
0.053333	0.054147	0.886667	0.041686	1.000	your enemy (including Imperial Allies).
0.900369	0.025346	0.051661	0.018433	1.000	109
FILE	/private/tmp/oath-runtime-catalog/crops/denizen-base-pre1-19-3.jpg
0.268777	0.839847	0.285324	0.059937	1.000	Tyrant
0.073801	0.781106	0.147601	0.029954	1.000	030
0.199262	0.138249	0.601476	0.034562	1.000	You must kill a warband
0.199262	0.094470	0.601476	0.034562	1.000	(even your own) at the site
0.250923	0.050691	0.498155	0.041475	1.000	you travel to, if able.
FILE	/private/tmp/oath-runtime-catalog/crops/denizen-base-pre1-19-4.jpg
0.261993	0.847926	0.557196	0.050691	1.000	Forced Labor
0.051271	0.148924	0.886485	0.041846	1.000	Enemies cannot search if their pawn
0.051661	0.112903	0.885609	0.039171	1.000	is at any site ruled by Forced Labor's
0.058541	0.072169	0.514307	0.041063	1.000	ruler unless they give
0.656827	0.076037	0.273063	0.034562	1.000	to its ruler.
0.060000	0.028802	0.886667	0.042031	1.000	(Give it to Chancellor if Empire, burn it if bandits.)
0.892989	0.025346	0.051661	0.018433	1.000	112
FILE	/private/tmp/oath-runtime-catalog/crops/denizen-base-pre1-19-5.jpg
0.291513	0.877880	0.523985	0.050691	1.000	Secret Police
0.162362	0.163594	0.704797	0.039171	1.000	Enemies cannot play Visions
0.110701	0.124424	0.800738	0.039171	1.000	faceup while their pawn is at any
0.110701	0.087558	0.804428	0.041475	1.000	site ruled by Secret Police's ruler.
0.907749	0.055300	0.051661	0.018433	1.000	113
FILE	/private/tmp/oath-runtime-catalog/crops/denizen-base-pre1-19-6.jpg
0.276577	0.868238	0.384116	0.063063	1.000	Specialist
0.195572	0.149770	0.623616	0.039171	1.000	The defender cannot
0.269373	0.099078	0.476015	0.043779	1.000	use battle plans.
0.900369	0.055300	0.051661	0.018433	1.000	114
FILE	/private/tmp/oath-runtime-catalog/crops/denizen-base-pre1-19-7.jpg
0.268224	0.868142	0.349160	0.063255	1.000	Captains
0.088561	0.182028	0.822878	0.039171	1.000	AcTIon: Campaign at any site you
0.095941	0.142857	0.808118	0.036866	1.000	rule. Act as if your pawn is there.
0.110701	0.105991	0.771218	0.039171	1.000	Spend no Supply and add your
0.140221	0.066820	0.715867	0.036866	1.000	warbands there to your force.
0.896679	0.055300	0.051661	0.018433	1.000	115
FILE	/private/tmp/oath-runtime-catalog/crops/denizen-base-pre1-19-8.jpg
0.269212	0.870358	0.553828	0.058824	1.000	Siege Engines
0.103321	0.170507	0.789668	0.041475	1.000	AcTIon: Kill two warbands
0.177122	0.119816	0.630996	0.043779	1.000	(even yours) at any one
0.217712	0.073733	0.557196	0.041475	1.000	site in your region.
0.889299	0.055300	0.051661	0.018433	1.000	116
FILE	/private/tmp/oath-runtime-catalog/crops/denizen-base-pre1-2-1.jpg
0.158672	0.854839	0.033210	0.018433	1.000	*
0.276320	0.835013	0.502711	0.064997	1.000	Rusting Ray
0.225092	0.133641	0.575646	0.039171	1.000	If you hold the Darkest
0.136531	0.092166	0.752768	0.039171	1.000	Secret, ignore all your enemy's
0.206642	0.055300	0.612546	0.039171	1.000	rolls of hollow swords 4.
0.922509	0.025346	0.033210	0.018433	1.000	57
FILE	/private/tmp/oath-runtime-catalog/crops/denizen-base-pre1-2-2.jpg
0.151292	0.854839	0.036900	0.020737	1.000	*
0.269234	0.835911	0.586993	0.065506	1.000	Billowing Fog
0.077491	0.131336	0.856089	0.041475	1.000	If you're defeated, kill no warbands
0.154982	0.094470	0.693727	0.034562	1.000	in your force. Ignore powers
0.202952	0.055300	0.608856	0.039171	1.000	that kill all of your force.
0.904059	0.018433	0.059041	0.032258	1.000	59
FILE	/private/tmp/oath-runtime-catalog/crops/denizen-base-pre1-2-3.jpg
0.269373	0.847926	0.634686	0.048387	1.000	Kindred Carriors
0.092251	0.057604	0.151292	0.057604	0.500	+X
0.169742	0.142857	0.660517	0.039171	1.000	Ignore all skulls a you roll.
0.387454	0.082949	0.509225	0.039171	1.000	up to the number of
0.387454	0.043779	0.505535	0.039171	1.000	other suits you rule.
0.904059	0.020737	0.051661	0.027650	1.000	60
FILE	/private/tmp/oath-runtime-catalog/crops/denizen-base-pre1-2-4.jpg
0.261614	0.839601	0.539502	0.060429	1.000	Terror Spells
0.084871	0.133641	0.822878	0.039171	1.000	AcTIon: Kill any two warbands in
0.055351	0.094470	0.874539	0.036866	1.000	your region (at sites or on boards, even
0.040000	0.054147	0.893333	0.041686	1.000	yours) if you hold the Darkest Secret.
0.904059	0.025346	0.036900	0.018433	1.000	61
FILE	/private/tmp/oath-runtime-catalog/crops/denizen-base-pre1-2-5.jpg
0.272761	0.874538	0.480307	0.057375	1.000	Blood Pact
0.099631	0.168203	0.826568	0.032258	1.000	ActIon: Sacrifice an even number
0.110701	0.126728	0.789668	0.036866	1.000	of warbands on your board. For
0.110701	0.085253	0.686347	0.036866	1.000	every two you sacrifice, gain
0.922509	0.055300	0.036900	0.018433	1.000	62
FILE	/private/tmp/oath-runtime-catalog/crops/denizen-base-pre1-2-6.jpg
0.276376	0.876593	0.414037	0.050961	1.000	Revelation
0.184502	0.225806	0.649446	0.041475	1.000	WHEN PLAYED, each player,
0.191882	0.184332	0.630996	0.041475	1.000	following turn order, may
0.191882	0.147465	0.498155	0.036866	1.000	burn any number of
0.763838	0.154378	0.055351	0.020737	1.000	to
0.154982	0.108295	0.608856	0.034562	1.000	gain an equal number of
FILE	/private/tmp/oath-runtime-catalog/crops/denizen-base-pre1-2-7.jpg
0.257591	0.874910	0.489015	0.049443	1.000	Observatory
0.191882	0.161290	0.619926	0.039171	1.000	While your pawn is here,
0.214022	0.124424	0.575646	0.039171	1.000	you may draw from any
0.298893	0.087558	0.409594	0.036866	1.000	one discard pile.
0.911439	0.055300	0.036900	0.018433	1.000	64
FILE	/private/tmp/oath-runtime-catalog/crops/denizen-base-pre1-2-8.jpg
0.140221	0.884793	0.036900	0.020737	1.000	*
0.261993	0.875576	0.549815	0.050691	1.000	Plague Engines
0.184502	0.163594	0.627306	0.039171	1.000	AcTIoN: Each player (even
0.180812	0.124424	0.365314	0.034562	1.000	you places one
0.166052	0.087558	0.431734	0.036866	1.000	they rule into the
0.627306	0.124424	0.180812	0.036866	1.000	per site
0.682657	0.087558	0.147601	0.036866	1.000	bank.
0.907749	0.055300	0.036900	0.018433	1.000	65
FILE	/private/tmp/oath-runtime-catalog/crops/denizen-base-pre1-20-1.jpg
0.276753	0.841014	0.420664	0.055300	1.000	Royal Tax
0.221402	0.195853	0.472325	0.039171	1.000	WHEN PLAYED, take
0.225092	0.156682	0.571956	0.039171	1.000	from each player whose
0.210332	0.117512	0.597786	0.034562	1.000	pawn is at a site you rule
0.236162	0.076037	0.546125	0.036866	1.000	in your pawn's region.
FILE	/private/tmp/oath-runtime-catalog/crops/denizen-base-pre1-20-2.jpg
0.272862	0.847252	0.450587	0.054344	1.000	Toll Roads
0.110701	0.156682	0.785978	0.027650	1.000	Enemies cannot travel to sites ruled
0.110701	0.115207	0.785978	0.034562	1.000	by Toll Roads' ruler unless they give
0.191882	0.078341	0.697417	0.032258	1.000	to its ruler. (Give it to Chancellor
0.210332	0.041475	0.586716	0.032258	1.000	if Empire, burn it if bandits.)
0.904059	0.029954	0.047970	0.013825	1.000	118
FILE	/private/tmp/oath-runtime-catalog/crops/denizen-base-pre1-20-3.jpg
0.268836	0.846617	0.296276	0.051006	1.000	Curfew
0.136531	0.156682	0.723247	0.027650	1.000	Enemies cannot trade with cards
0.169073	0.113472	0.661583	0.039838	1.000	ruled by Curfew's ruler unless
0.132464	0.077474	0.200016	0.036297	1.000	they give
0.402214	0.080645	0.464945	0.029954	1.000	to its ruler. (Give it to
0.099631	0.041475	0.808118	0.034562	1.000	Chancellor if Empire, burn it if bandits.)
0.896679	0.023041	0.055351	0.020737	1.000	119
FILE	/private/tmp/oath-runtime-catalog/crops/denizen-base-pre1-20-4.jpg
0.261993	0.843318	0.549815	0.050691	1.000	nights errant
0.110701	0.112903	0.749077	0.043779	1.000	After mustering, you may
0.047100	0.058762	0.898164	0.059294	1.000	campaign, spending no Supply.
0.892989	0.025346	0.047970	0.018433	1.000	120
FILE	/private/tmp/oath-runtime-catalog/crops/denizen-base-pre1-20-5.jpg
0.284133	0.880184	0.642066	0.046083	1.000	Vow of Obedience
0.081181	0.811060	0.151292	0.032258	1.000	000
0.110701	0.172811	0.797048	0.039171	1.000	You cannot play Visions faceup.
0.228667	0.117159	0.269602	0.035267	1.000	REST: Take
0.569568	0.110287	0.230258	0.040661	1.000	from any
0.321033	0.076037	0.383764	0.034562	1.000	one favor bank.
0.911439	0.055300	0.047970	0.018433	1.000	121
FILE	/private/tmp/oath-runtime-catalog/crops/denizen-base-pre1-20-6.jpg
0.258303	0.859447	0.649446	0.078341	1.000	hunting Party
0.199262	0.163594	0.616236	0.039171	1.000	After searching the world
0.202952	0.122120	0.616236	0.041475	1.000	deck, you may campaign,
0.254613	0.085253	0.505535	0.039171	1.000	spending no Supply.
0.904059	0.055300	0.051661	0.018433	1.000	122
FILE	/private/tmp/oath-runtime-catalog/crops/denizen-base-pre1-20-7.jpg
0.269373	0.877880	0.527675	0.050691	1.000	Council Seat
0.081181	0.813364	0.140221	0.029954	1.000	000
0.059041	0.142857	0.889299	0.046083	1.000	If you're a Citizen, you cannot
0.110701	0.094470	0.782288	0.048387	1.000	be exiled, even by yourself.
0.896679	0.055300	0.051661	0.018433	1.000	123
FILE	/private/tmp/oath-runtime-catalog/crops/denizen-base-pre1-20-8.jpg
0.261993	0.877880	0.535055	0.048387	1.000	encirclement
0.051661	0.117512	0.129151	0.055300	1.000	+2
0.335793	0.145161	0.605166	0.041475	1.000	if your force is larger
0.335793	0.099078	0.560886	0.046083	1.000	than your enemy's.
0.889299	0.055300	0.051661	0.018433	1.000	124
FILE	/private/tmp/oath-runtime-catalog/crops/denizen-base-pre1-21-1.jpg
0.280299	0.840514	0.509513	0.058604	1.000	Peace Envoy
0.139725	0.151000	0.750148	0.038307	1.000	You cannot use other battle plans.
0.077491	0.112903	0.859779	0.036866	1.000	If your enemy's pawn is at your site, give
0.086667	0.079167	0.846667	0.037500	1.000	them one • per in the pool. You're
0.070111	0.041475	0.874539	0.032258	1.000	victorious now. Ignore killing warbands.
0.904059	0.025346	0.055351	0.018433	1.000	125
FILE	/private/tmp/oath-runtime-catalog/crops/denizen-base-pre1-21-2.jpg
0.272229	0.839974	0.536724	0.061988	1.000	Relic hunter
0.103321	0.152074	0.804428	0.034562	1.000	You may target facedown relics at
0.086667	0.108295	0.813333	0.046083	1.000	targeted sites, adding • per relic
0.110701	0.073733	0.778598	0.036866	1.000	You may put any relics you take
0.113333	0.028802	0.840000	0.050691	1.000	on the bottom of the relic deck. 26
0.896679	0.025346	0.055351	0.018433	1.000	126
FILE	/private/tmp/oath-runtime-catalog/crops/denizen-base-pre1-3-1.jpg
0.118081	0.854839	0.070111	0.020737	1.000	**
0.276753	0.843318	0.616236	0.050691	1.000	Gleaming Armor
0.339483	0.543779	0.040590	0.023041	1.000	O
0.065632	0.110035	0.890780	0.054592	1.000	Your enemy's battle plans each
0.125461	0.073733	0.649446	0.039171	1.000	have an added cost of
0.918819	0.023041	0.044280	0.025346	1.000	66
FILE	/private/tmp/oath-runtime-catalog/crops/denizen-base-pre1-3-2.jpg
0.280443	0.847926	0.180812	0.048387	0.500	Yinx
0.110701	0.147465	0.708487	0.036866	1.000	If you rule Jinx, after you roll
0.239086	0.103127	0.673111	0.042397	1.000	for any reason, you may use
0.106494	0.070498	0.794248	0.042171	1.000	this power to reroll all those dice
0.143911	0.032258	0.723247	0.034562	1.000	once. (This is not a battle plan!)
0.904059	0.018433	0.055351	0.032258	1.000	68
FILE	/private/tmp/oath-runtime-catalog/crops/denizen-base-pre1-3-3.jpg
0.269196	0.847594	0.243895	0.051356	1.000	Tutor
0.236162	0.096774	0.409594	0.036866	1.000	AcTIoN: Gain
FILE	/private/tmp/oath-runtime-catalog/crops/denizen-base-pre1-3-4.jpg
0.261993	0.847926	0.535055	0.048387	1.000	Dream Thief
0.164845	0.110036	0.659253	0.052094	1.000	AcTIoN: Swap any two
0.221402	0.069124	0.549815	0.043779	1.000	facedown advisers.
0.904059	0.025346	0.036900	0.018433	1.000	70
FILE	/private/tmp/oath-runtime-catalog/crops/denizen-base-pre1-3-5.jpg
0.269373	0.870968	0.627306	0.057604	1.000	Cracking Ground
0.693727	0.440092	0.225092	0.071429	0.500	4, pi
0.380074	0.119816	0.487085	0.046083	1.000	per site targeted.
0.918819	0.055300	0.040590	0.018433	1.000	71
FILE	/private/tmp/oath-runtime-catalog/crops/denizen-base-pre1-3-6.jpg
0.280116	0.869801	0.539399	0.062242	1.000	Sealing Card
0.081181	0.811060	0.147601	0.032258	1.000	300
0.151292	0.149770	0.712177	0.039171	1.000	Your relics each add one
0.158672	0.103687	0.154982	0.027650	1.000	more
0.424354	0.096774	0.435424	0.046083	1.000	when targeted.
0.915129	0.055300	0.040590	0.018433	1.000	72
FILE	/private/tmp/oath-runtime-catalog/crops/denizen-base-pre1-3-7.jpg
0.269373	0.880184	0.512915	0.043779	1.000	Initiation Rite
0.081181	0.813364	0.140221	0.029954	1.000	000
0.194528	0.136674	0.614384	0.050500	1.000	To muster, you must
0.169742	0.099078	0.162362	0.041475	1.000	place
0.431649	0.103424	0.306444	0.039696	1.000	instead of
0.911439	0.055300	0.036900	0.018433	1.000	73
FILE	/private/tmp/oath-runtime-catalog/crops/denizen-base-pre1-3-8.jpg
0.261111	0.865603	0.529438	0.068333	1.000	Map Library
0.169742	0.161290	0.645756	0.039171	1.000	While your pawn is at this
0.110701	0.122120	0.749077	0.039171	1.000	site, you may trade with a card
0.184502	0.085253	0.616236	0.036866	1.000	at any site in your region.
0.900369	0.055300	0.044280	0.018433	1.000	76
FILE	/private/tmp/oath-runtime-catalog/crops/denizen-base-pre1-4-1.jpg
0.276753	0.843318	0.553506	0.052995	1.000	Mitch's Bargain
0.487085	0.615207	0.051661	0.023041	0.500	U
0.169742	0.156682	0.335793	0.032258	1.000	AcTIoN: Give
0.593758	0.151045	0.262669	0.036619	1.000	to a player
0.158672	0.112903	0.697417	0.036866	1.000	whose pawn is at your site to
0.114391	0.080645	0.114391	0.032258	1.000	take
0.154982	0.041475	0.077491	0.032258	1.000	for
0.321033	0.073733	0.468635	0.036866	1.000	from them, or give
0.306273	0.036866	0.560886	0.034562	1.000	, any number of times.
0.918819	0.025346	0.036900	0.018433	1.000	77
FILE	/private/tmp/oath-runtime-catalog/crops/denizen-base-pre1-4-2.jpg
0.276753	0.847926	0.557196	0.043779	1.000	Master of Disguise
0.143911	0.138249	0.726937	0.043779	1.000	Act as if you had another
0.158672	0.092166	0.693727	0.043779	1.000	player's advisers instead.
0.053333	0.025000	0.900000	0.062558	1.000	(You can't use your other advisers.)
FILE	/private/tmp/oath-runtime-catalog/crops/denizen-base-pre1-4-3.jpg
0.261597	0.837410	0.495256	0.062507	1.000	Grrand Boy
0.239852	0.133641	0.520295	0.039171	1.000	You may draw from a
0.191882	0.092166	0.616236	0.041475	1.000	discard pile in a different
0.214022	0.055300	0.571956	0.036866	1.000	region instead of yours.
0.911439	0.027650	0.033210	0.016129	1.000	11
FILE	/private/tmp/oath-runtime-catalog/crops/denizen-base-pre1-4-4.jpg
0.261689	0.844972	0.288430	0.054295	1.000	Colves
0.110701	0.119816	0.782288	0.039171	1.000	AcTIoN: Kill one warband
0.062731	0.069124	0.863469	0.043779	1.000	(even yours) on any one board.
0.900369	0.023041	0.040590	0.020737	1.000	39
FILE	/private/tmp/oath-runtime-catalog/crops/denizen-base-pre1-4-5.jpg
0.276753	0.875576	0.645756	0.050691	1.000	Animal Playmates
0.132841	0.142857	0.760148	0.046083	1.000	Spend no Supply if you're
0.168084	0.090636	0.443060	0.056033	1.000	mustering on a
0.704797	0.101382	0.151292	0.041475	1.000	card.
0.922509	0.055300	0.033210	0.016129	1.000	40
FILE	/private/tmp/oath-runtime-catalog/crops/denizen-base-pre1-4-6.jpg
0.269373	0.875576	0.520295	0.055300	1.000	True Names
0.143911	0.163594	0.719557	0.036866	1.000	Your enemy cannot use battle
0.158672	0.124424	0.693727	0.036866	1.000	plans that match any of your
0.258303	0.087558	0.498155	0.036866	1.000	advisers against you.
0.915129	0.055300	0.036900	0.018433	1.000	41
FILE	/private/tmp/oath-runtime-catalog/crops/denizen-base-pre1-4-7.jpg
0.269373	0.877880	0.546125	0.052995	1.000	The Old Oak
0.143911	0.163594	0.712177	0.039171	1.000	If trading with The Old Oak
0.162362	0.129032	0.084871	0.032258	1.000	for
0.313653	0.124424	0.387454	0.032258	1.000	, gain one more
0.793358	0.133641	0.047970	0.029954	1.000	if
0.188060	0.087104	0.321297	0.037774	1.000	you have any
0.593080	0.087769	0.220371	0.037404	1.000	advisers.
0.907749	0.055300	0.040590	0.018433	1.000	42
FILE	/private/tmp/oath-runtime-catalog/crops/denizen-base-pre1-4-8.jpg
0.257780	0.875714	0.517650	0.055025	1.000	Forest Paths
0.095941	0.163594	0.800738	0.039171	1.000	Spend no Supply and ignore the
0.106667	0.125000	0.780000	0.045833	1.000	powers of sites if you're traveling
0.206642	0.089862	0.361624	0.032258	1.000	to a site with a
0.656827	0.089862	0.129151	0.034562	1.000	card.
0.904059	0.055300	0.040590	0.018433	1.000	43
FILE	/private/tmp/oath-runtime-catalog/crops/denizen-base-pre1-5-1.jpg
0.276753	0.838710	0.328413	0.059908	1.000	Rangers
0.184502	0.142857	0.660517	0.036866	1.000	Ignore all skulls a you roll.
0.158672	0.052995	0.147601	0.059908	1.000	+2
0.461255	0.089862	0.332103	0.032258	1.000	if the defense
0.461024	0.043098	0.291975	0.040533	1.000	pool has 4+
0.922509	0.025346	0.036900	0.018433	1.000	45
FILE	/private/tmp/oath-runtime-catalog/crops/denizen-base-pre1-5-2.jpg
0.272411	0.836200	0.591709	0.067231	1.000	Roving Terror
0.180812	0.135945	0.653137	0.036866	1.000	ActIon: Discard a denizen
0.199262	0.094470	0.612546	0.036866	1.000	card at any other site and
0.250405	0.057386	0.514321	0.040491	1.000	move this card there.
0.915129	0.025346	0.040590	0.018433	1.000	46
FILE	/private/tmp/oath-runtime-catalog/crops/denizen-base-pre1-5-3.jpg
0.265683	0.845622	0.579336	0.050691	1.000	Nature Morship
0.431734	0.119816	0.092251	0.032258	1.000	Per
0.616116	0.117261	0.195813	0.037367	1.000	adviser
0.427205	0.068942	0.263672	0.041840	1.000	you have.
0.896679	0.025346	0.051661	0.018433	1.000	175
FILE	/private/tmp/oath-runtime-catalog/crops/denizen-base-pre1-5-4.jpg
0.257885	0.837638	0.373529	0.059747	1.000	Birdsong
0.107011	0.741935	0.084871	0.057604	1.000	&
0.110701	0.112903	0.782288	0.046083	1.000	Spend no Supply if you're
0.080000	0.066667	0.826667	0.050000	1.000	trading with a or card.
0.889299	0.025346	0.051661	0.018433	1.000	176
FILE	/private/tmp/oath-runtime-catalog/crops/denizen-base-pre1-5-5.jpg
0.287823	0.877880	0.605166	0.050691	1.000	Small Friends
0.103321	0.168203	0.815498	0.043779	1.000	Act as if your pawn is at any
0.100000	0.120833	0.813333	0.046217	1.000	site with a • card. (You may
0.166052	0.076037	0.690037	0.041475	1.000	use Trade modifiers there.)
0.904059	0.055300	0.051661	0.018433	1.000	177
FILE	/private/tmp/oath-runtime-catalog/crops/denizen-base-pre1-5-6.jpg
0.273063	0.873272	0.538745	0.050691	1.000	Grasping Vines
0.173432	0.175115	0.667897	0.036866	1.000	Enemies traveling from any
0.150358	0.128991	0.710805	0.053371	1.000	site ruled by Grasping Vines'
0.158672	0.103687	0.686347	0.032258	1.000	ruler must kill one warband
0.236162	0.062212	0.542435	0.036866	1.000	on their board if able.
0.900369	0.055300	0.051661	0.018433	1.000	178
FILE	/private/tmp/oath-runtime-catalog/crops/denizen-base-pre1-5-7.jpg
0.261993	0.870968	0.634686	0.057604	1.000	Threatening Roar
0.191882	0.205069	0.623616	0.043779	1.000	WHEN PLAYED, discard all
0.280029	0.171617	0.248061	0.036950	1.000	and other
0.612021	0.171548	0.192932	0.034785	1.000	cards at
0.258303	0.126728	0.487085	0.034562	1.000	sites in your region.
0.833948	0.089862	0.055351	0.020737	1.000	179
FILE	/private/tmp/oath-runtime-catalog/crops/denizen-base-pre1-5-8.jpg
0.258051	0.867699	0.579839	0.061837	1.000	Fae Merchant
0.188192	0.186636	0.612546	0.034562	1.000	AcTIoN: Draw a relic and
0.136531	0.145161	0.715867	0.036866	1.000	take it. Put any relic you hold
0.143911	0.105991	0.701107	0.036866	1.000	except the Grand Scepter on
0.143911	0.069124	0.704797	0.036866	1.000	the bottom of the relic deck.
0.889299	0.055300	0.055351	0.018433	1.000	180
FILE	/private/tmp/oath-runtime-catalog/crops/denizen-base-pre1-6-1.jpg
0.287823	0.847926	0.619926	0.048387	1.000	Second Chance
0.110701	0.138249	0.815498	0.034562	1.000	ActIon: Kill one warband on the
0.086667	0.091667	0.853333	0.041974	1.000	board of a player who has an or
0.202952	0.055300	0.704797	0.036866	1.000	adviser to gain one warband.
0.911439	0.027650	0.047970	0.016129	1.000	181
FILE	/private/tmp/oath-runtime-catalog/crops/denizen-base-pre1-6-2.jpg
0.272181	0.838145	0.459328	0.063341	1.000	Pied Piper
0.077491	0.145161	0.856089	0.034562	1.000	This card ignores the adviser limit.
0.084871	0.082949	0.845018	0.039171	1.000	ActIon: Move this card to any other
0.060000	0.045833	0.880000	0.041724	1.000	player's advisers. Take CO from them.
0.900369	0.025346	0.055351	0.018433	1.000	182
FILE	/private/tmp/oath-runtime-catalog/crops/denizen-base-pre1-6-3.jpg
0.265683	0.843318	0.490775	0.055300	1.000	Mushrooms
0.100000	0.133333	0.786667	0.041782	1.000	Spend no Supply, but draw only
0.062731	0.099078	0.874539	0.032258	1.000	one card (not three from the bottom
0.158672	0.055300	0.690037	0.041475	1.000	of your region's discard pile.
0.896679	0.025346	0.051661	0.018433	1.000	183
FILE	/private/tmp/oath-runtime-catalog/crops/denizen-base-pre1-6-4.jpg
0.265683	0.847926	0.557196	0.050691	1.000	Insect Swarm
0.103321	0.737327	0.095941	0.064516	0.500	8
0.047970	0.112903	0.892989	0.046083	1.000	Your enemy's battle plans each
0.110701	0.073733	0.667897	0.039171	1.000	have an added cost of
0.892989	0.025346	0.051661	0.018433	1.000	184
FILE	/private/tmp/oath-runtime-catalog/crops/denizen-base-pre1-6-5.jpg
0.280272	0.872623	0.531708	0.056597	1.000	Mar Tortoise
0.095941	0.163594	0.826568	0.039171	1.000	Ignore all attack or defense added
0.077491	0.124424	0.822878	0.039171	1.000	by your enemy's rolls of & 1a or o
0.062731	0.087558	0.896679	0.036866	1.000	(Any a they roll still kill their warbands.)
0.904059	0.055300	0.051661	0.018433	1.000	187
FILE	/private/tmp/oath-runtime-catalog/crops/denizen-base-pre1-6-6.jpg
0.276553	0.877073	0.517005	0.052305	1.000	New Growth
0.350923	0.325576	0.083395	0.034562	1.000	• /
0.081077	0.142514	0.387662	0.046769	1.000	You may play
0.560886	0.149770	0.114391	0.039171	1.000	and
0.774844	0.149670	0.155110	0.039369	1.000	cards
0.132841	0.099078	0.760148	0.041475	1.000	to any site (that has space).
0.900369	0.055300	0.051661	0.018433	1.000	188
FILE	/private/tmp/oath-runtime-catalog/crops/denizen-base-pre1-6-7.jpg
0.265148	0.869616	0.381144	0.062612	1.000	Cild Ory
0.118017	0.142655	0.369133	0.046488	1.000	If you play a
0.583026	0.140553	0.284133	0.048387	1.000	card, gain
0.114391	0.096774	0.767528	0.046083	1.000	1 Supply and 2 warbands.
0.896679	0.055300	0.051661	0.018433	1.000	189
FILE	/private/tmp/oath-runtime-catalog/crops/denizen-base-pre1-6-8.jpg
0.258056	0.867782	0.542928	0.061671	1.000	Animal host
0.140221	0.225806	0.715867	0.041475	1.000	WHEN PLAYED, gain warbands
0.151292	0.188940	0.697417	0.036866	1.000	equal to the total number of
0.191882	0.147465	0.686347	0.039171	1.000	cards (including Animal Host)
0.154982	0.108295	0.686347	0.036866	1.000	at any sites (regardless of rule).
0.826568	0.092166	0.059041	0.016129	1.000	190
FILE	/private/tmp/oath-runtime-catalog/crops/denizen-base-pre1-7-1.jpg
0.280443	0.843318	0.667897	0.050691	1.000	Memory of Nature
0.095941	0.135945	0.642066	0.034562	1.000	AcTIoN: Move a total of X
0.800738	0.138249	0.125461	0.032258	1.000	from
0.066667	0.091667	0.886667	0.041974	1.000	any favor banks to the • bank. X is
0.066667	0.058333	0.880000	0.037500	1.000	the number of • cards on the map.
0.907749	0.025346	0.051661	0.018433	1.000	191
FILE	/private/tmp/oath-runtime-catalog/crops/denizen-base-pre1-7-2.jpg
0.276133	0.838775	0.536294	0.064385	1.000	Marsh Spirit
0.118081	0.112903	0.774908	0.046083	1.000	Players who target this site
0.158149	0.067589	0.698868	0.048579	1.000	cannot use battle plans.
0.904059	0.025346	0.051661	0.018433	1.000	192
FILE	/private/tmp/oath-runtime-catalog/crops/denizen-base-pre1-7-3.jpg
0.268110	0.842681	0.556219	0.056589	1.000	Vow of Poverty
0.073801	0.781106	0.151292	0.029954	1.000	000
0.107011	0.262673	0.125461	0.052995	0.500	VY
0.109473	0.141089	0.404571	0.042841	1.000	You cannot gain
0.597152	0.143066	0.296471	0.041056	1.000	from Trade.
0.151292	0.082949	0.494465	0.036866	1.000	REST: If you have no
0.712177	0.082949	0.140221	0.036866	1.000	, take
0.254613	0.043779	0.619926	0.039171	1.000	from any one favor bank.
0.896679	0.025346	0.051661	0.018433	1.000	193
FILE	/private/tmp/oath-runtime-catalog/crops/denizen-base-pre1-7-4.jpg
0.265683	0.843318	0.594096	0.055300	1.000	(Called Garden
0.302583	0.115207	0.099631	0.029954	1.000	per
0.490618	0.115843	0.450858	0.041629	1.000	card at any sites
0.302583	0.066820	0.605166	0.046083	1.000	if this site is targeted.
0.892989	0.025346	0.051661	0.018433	1.000	195
FILE	/private/tmp/oath-runtime-catalog/crops/denizen-base-pre1-7-5.jpg
0.280443	0.880184	0.612546	0.043779	1.000	Vow of Beastkin
0.084871	0.808756	0.143911	0.034562	1.000	030
0.177122	0.168203	0.660517	0.029954	1.000	You must muster on a card
0.140221	0.122120	0.741697	0.041475	1.000	matching any of your advisers,
0.110701	0.085253	0.800738	0.039171	1.000	but you gain one more warband.
0.904059	0.055300	0.055351	0.018433	1.000	196
FILE	/private/tmp/oath-runtime-catalog/crops/denizen-base-pre1-7-6.jpg
0.269214	0.875051	0.465262	0.056350	1.000	Wild Allies
0.081181	0.182028	0.845018	0.039171	1.000	AcTIoN: Campaign at any site with
0.225092	0.145161	0.664207	0.034562	1.000	card. Act as if your pawn is
0.110701	0.105991	0.789668	0.039171	1.000	there. Spend no Supply and add
0.084871	0.055300	0.867159	0.046083	1.000	your warbands there to your force 1g:
FILE	/private/tmp/oath-runtime-catalog/crops/denizen-base-pre1-7-7.jpg
0.272318	0.874921	0.488575	0.056610	1.000	Mercenaries
0.047970	0.117512	0.121771	0.055300	1.000	+3
0.332103	0.163594	0.420664	0.039171	1.000	If you're defeated
0.332103	0.122120	0.564576	0.039171	1.000	while using this power,
0.335051	0.087283	0.507144	0.039621	1.000	discard Mercenaries.
0.907749	0.055300	0.036900	0.018433	1.000	12
FILE	/private/tmp/oath-runtime-catalog/crops/denizen-base-pre1-7-8.jpg
0.265683	0.877880	0.605166	0.050691	1.000	A Small Favor
0.073801	0.813364	0.140221	0.029954	1.000	300
0.316428	0.149335	0.360132	0.035102	1.000	WHEN PLAYED,
0.250923	0.108295	0.490775	0.039171	1.000	gain four warbands.
0.841328	0.092166	0.036900	0.016129	1.000	15
FILE	/private/tmp/oath-runtime-catalog/crops/denizen-base-pre1-8-1.jpg
0.287823	0.847926	0.542435	0.048387	1.000	Second (Cind
0.121771	0.131336	0.778598	0.041475	1.000	After you're victorious, you may
0.135914	0.091386	0.754174	0.042407	1.000	travel and then may campaign,
0.136531	0.055300	0.756458	0.039171	1.000	spending no Supply for either.
0.918819	0.025346	0.040590	0.018433	1.000	16
FILE	/private/tmp/oath-runtime-catalog/crops/denizen-base-pre1-8-2.jpg
0.276753	0.845622	0.557196	0.048387	1.000	Sleight of hand
0.129151	0.135945	0.335793	0.034562	1.000	AcTIoN: Take
0.553117	0.130009	0.332880	0.041824	1.000	from a player
0.180812	0.094470	0.649446	0.034562	1.000	whose pawn is at your site.
0.140221	0.059908	0.630996	0.032258	1.000	You cannot take their last
0.915129	0.025346	0.036900	0.018433	1.000	17
FILE	/private/tmp/oath-runtime-catalog/crops/denizen-base-pre1-8-3.jpg
0.265683	0.843318	0.538745	0.050691	1.000	Bey to the City
0.354244	0.746544	0.055351	0.029954	1.000	1l'
0.165611	0.193179	0.668911	0.046755	1.000	WHEN PLAYED, if the ruler's
0.125461	0.156682	0.749077	0.036866	1.000	pawn is not at this site, kill any
0.121771	0.115207	0.756458	0.039171	1.000	warbands at this site, then gain
0.154982	0.076037	0.693727	0.039171	1.000	a warband and place it here.
0.845018	0.059908	0.044280	0.020737	1.000	18
FILE	/private/tmp/oath-runtime-catalog/crops/denizen-base-pre1-8-4.jpg
0.262844	0.831549	0.274312	0.070542	0.500	Scryer
0.201864	0.112409	0.589353	0.050801	1.000	AcTIoN: Peek at any
0.254613	0.069124	0.483395	0.043779	1.000	one discard pile.
0.904059	0.025346	0.036900	0.018433	1.000	19
FILE	/private/tmp/oath-runtime-catalog/crops/denizen-base-pre1-8-5.jpg
0.272838	0.868076	0.398973	0.061083	1.000	Naysayers
0.225092	0.163594	0.575646	0.039171	1.000	REST: If any Exile is the
0.162362	0.124424	0.704797	0.039171	1.000	Oathkeeper or Usurper, take
0.291513	0.087558	0.520295	0.036866	1.000	from the Chancellor.
0.922509	0.055300	0.040590	0.018433	1.000	21
FILE	/private/tmp/oath-runtime-catalog/crops/denizen-base-pre1-8-6.jpg
0.199262	0.877880	0.468635	0.052995	1.000	) Charlatan
0.132841	0.145161	0.568266	0.041475	1.000	WHEN PLAYED, burn all
0.789668	0.152074	0.103321	0.034562	1.000	but
0.154982	0.110599	0.704797	0.032258	1.000	one from the Darkest Secret.
0.856089	0.092166	0.033210	0.018433	1.000	79
FILE	/private/tmp/oath-runtime-catalog/crops/denizen-base-pre1-8-7.jpg
0.268931	0.878911	0.332986	0.048630	1.000	Assassin
0.110701	0.175115	0.782288	0.036866	1.000	You can only have two advisers.
0.062731	0.112903	0.878229	0.039171	1.000	AcTIon: Discard a faceup adviser of
0.073801	0.076037	0.848708	0.036866	1.000	a player whose pawn is at your site.
0.907749	0.052995	0.044280	0.023041	1.000	80
FILE	/private/tmp/oath-runtime-catalog/crops/denizen-base-pre1-8-8.jpg
0.261993	0.877880	0.560886	0.050691	1.000	Downtrodden
0.162362	0.168203	0.671587	0.034562	1.000	Gain two more warbands if
0.099110	0.122343	0.790692	0.041786	1.000	mustering on a card whose favor
0.110701	0.092166	0.457565	0.032258	1.000	bank has the least
0.637825	0.086048	0.233576	0.037581	1.000	(not tied).
0.904059	0.055300	0.036900	0.018433	1.000	81
FILE	/private/tmp/oath-runtime-catalog/crops/denizen-base-pre1-9-1.jpg
0.284133	0.850230	0.402214	0.048387	1.000	Blackmail
0.166052	0.195853	0.693727	0.039171	1.000	WHEN PLAYED, choose a relic
0.140221	0.156682	0.752768	0.039171	1.000	held by a player whose pawn is
0.150772	0.116866	0.724154	0.042859	1.000	at your site. You take the relic
0.195572	0.076037	0.575646	0.039171	1.000	unless they give you Be
0.856089	0.062212	0.036900	0.016129	1.000	82
FILE	/private/tmp/oath-runtime-catalog/crops/denizen-base-pre1-9-2.jpg
0.254613	0.841014	0.560886	0.057604	1.000	Cracked Sage
0.107011	0.082949	0.129151	0.057604	1.000	+4
0.391006	0.114676	0.406179	0.042538	1.000	if your enemy
0.391144	0.073733	0.199262	0.036866	1.000	has an
0.671206	0.069288	0.238483	0.040550	1.000	adviser.
0.911439	0.025346	0.040590	0.018433	1.000	83
FILE	/private/tmp/oath-runtime-catalog/crops/denizen-base-pre1-9-3.jpg
0.268553	0.845816	0.307913	0.052608	1.000	Dissent
0.184502	0.255760	0.653137	0.041475	1.000	WHEN PLAYED, each player,
0.214022	0.218894	0.586716	0.036866	1.000	except the holder of the
0.191882	0.177419	0.630996	0.041475	1.000	People's Favor, places one
0.291513	0.142857	0.505535	0.032258	1.000	on this card for each
0.243542	0.096774	0.531365	0.039171	1.000	suit of card they rule.
0.848708	0.059908	0.040590	0.018433	1.000	84
FILE	/private/tmp/oath-runtime-catalog/crops/denizen-base-pre1-9-4.jpg
0.265292	0.839480	0.565357	0.060671	1.000	False Prophet
0.147601	0.278802	0.701107	0.039171	1.000	WHEN PLAYED, if you're an Exile,
0.110701	0.239631	0.778598	0.034562	1.000	gain one warband and put it on any
0.110701	0.202765	0.756458	0.032258	1.000	revealed Vision. You now also have
0.136531	0.156682	0.712177	0.036866	1.000	it revealed. If it is ever discarded,
0.107011	0.117512	0.771218	0.034562	1.000	kill the warband and play or discard
0.180812	0.078341	0.630996	0.034562	1.000	the Vision as if you searched.
0.841328	0.059908	0.044280	0.018433	1.000	85
FILE	/private/tmp/oath-runtime-catalog/crops/denizen-base-pre1-9-5.jpg
0.272636	0.876919	0.288676	0.052613	1.000	Zealots
0.092251	0.163594	0.837638	0.039171	1.000	If the defending force is larger than
0.062731	0.124424	0.896679	0.039171	1.000	your force, each warband you sacrifice
0.066421	0.087558	0.892989	0.036866	1.000	will add three (not one) to your attack.
0.922509	0.055300	0.036900	0.018433	1.000	87
FILE	/private/tmp/oath-runtime-catalog/crops/denizen-base-pre1-9-6.jpg
0.269373	0.875576	0.531365	0.055300	1.000	Beast Tamer
0.088561	0.149770	0.590406	0.036866	1.000	Enemies cannot use
0.774908	0.149770	0.070111	0.025346	1.000	or
0.158672	0.096774	0.697417	0.046083	1.000	battle plans against you.
FILE	/private/tmp/oath-runtime-catalog/crops/denizen-base-pre1-9-7.jpg
0.273063	0.870968	0.564576	0.057604	1.000	Silver Tongue
0.073801	0.813364	0.151292	0.029954	1.000	000
0.110701	0.172811	0.782288	0.039171	1.000	You can only have two advisers.
0.100000	0.116359	0.793333	0.038018	1.000	REST: Take © from a favor bank
0.158672	0.073733	0.686347	0.036866	1.000	matching a card at your site.
0.907749	0.052995	0.040590	0.020737	1.000	92
FILE	/private/tmp/oath-runtime-catalog/crops/denizen-base-pre1-9-8.jpg
0.258303	0.870968	0.612546	0.059908	1.000	Gambling hall
0.166052	0.165899	0.365314	0.034562	1.000	AcTIoN: Roll 4
0.608481	0.167203	0.214772	0.034257	1.000	and take
0.239201	0.123976	0.624794	0.043715	1.000	equal to the total • result
0.184502	0.085253	0.619926	0.039171	1.000	from any one favor bank.
FILE	/private/tmp/oath-runtime-catalog/crops/denizen-nf-rev1-1-1.jpg
0.158672	0.854839	0.029520	0.020737	1.000	*
0.283864	0.847030	0.406442	0.050179	1.000	Alchemist
0.143911	0.122120	0.435424	0.039171	1.000	AcTIoN: Gaine
0.730627	0.124424	0.143911	0.034562	1.000	from
0.151292	0.071429	0.719557	0.043779	1.000	any favor bank or banks.
FILE	/private/tmp/oath-runtime-catalog/crops/denizen-nf-rev1-1-2.jpg
0.151292	0.857143	0.033210	0.020737	1.000	*
0.273063	0.843318	0.575646	0.050691	1.000	Magician's Code
0.110701	0.152074	0.793358	0.041475	1.000	If you're challenging the Darkest
0.100000	0.112500	0.800000	0.041878	1.000	Secret, gain and place them
0.070111	0.073733	0.867159	0.036866	1.000	on the banner along with any other
0.236162	0.036866	0.619926	0.039171	1.000	you're placing (even none).
0.889299	0.023041	0.062731	0.020737	1.000	A 32
FILE	/private/tmp/oath-runtime-catalog/crops/denizen-nf-rev1-1-3.jpg
0.114391	0.857143	0.036900	0.018433	1.000	*
0.151292	0.857143	0.029520	0.018433	1.000	*
0.273063	0.843318	0.402214	0.052995	1.000	Inquisitor
0.070111	0.156682	0.859779	0.027650	1.000	AcTIon: Guess the name of a facedown
0.110701	0.115207	0.782288	0.036866	1.000	Vision (even the Conspiracy) held by
0.110701	0.076037	0.778598	0.034562	1.000	a player whose pawn is at your site.
0.191882	0.039171	0.619926	0.034562	1.000	If you are correct, discard it.
0.889299	0.025346	0.059041	0.018433	1.000	A 38
FILE	/private/tmp/oath-runtime-catalog/crops/denizen-nf-rev1-1-4.jpg
0.118081	0.873272	0.044280	0.027650	1.000	*
0.110701	0.854839	0.062731	0.020737	1.000	**
0.261331	0.838925	0.451508	0.061781	1.000	Quick Gxit
0.098840	0.110133	0.791190	0.042766	1.000	ActIon: Place an enemy pawn at
0.143911	0.073733	0.701107	0.036866	1.000	your site onto any other site.
0.881919	0.025346	0.059041	0.018433	1.000	A 58
FILE	/private/tmp/oath-runtime-catalog/crops/denizen-nf-rev1-1-5.jpg
0.276515	0.877293	0.332579	0.054170	1.000	Bewitch
0.162362	0.299539	0.693727	0.034562	1.000	WHEN PLAYED, if you're an Exile
0.180812	0.269585	0.405904	0.027650	1.000	and have the most
0.664073	0.269246	0.177390	0.028327	1.000	(even on
0.180510	0.225183	0.653714	0.037939	1.000	cards), you may take a random
0.199262	0.191244	0.619926	0.034562	1.000	relic from the Reliquary and
0.147601	0.156682	0.723247	0.032258	1.000	become a Citizen. Follow the steps
0.151292	0.119816	0.715867	0.032258	1.000	in the rules and end your Act Phase.
0.833948	0.089862	0.059041	0.018433	1.000	4 67
FILE	/private/tmp/oath-runtime-catalog/crops/denizen-nf-rev1-1-6.jpg
0.276753	0.880184	0.531365	0.043779	1.000	Vow of Silence
0.081181	0.811060	0.147601	0.032258	1.000	000
0.095941	0.163594	0.826568	0.039171	1.000	You cannot challenge the Darkest
0.088561	0.124424	0.833948	0.036866	1.000	Secret. Whenever an enemy burns
0.254613	0.082949	0.579336	0.039171	1.000	; you take those secrets.
0.892989	0.055300	0.062731	0.018433	1.000	A 74
FILE	/private/tmp/oath-runtime-catalog/crops/denizen-nf-rev1-1-7.jpg
0.269373	0.875576	0.571956	0.050691	1.000	Forgotten Vault
0.667897	0.283410	0.291513	0.073733	0.500	Minu
0.040590	0.165899	0.922509	0.032258	1.000	Enemies of Forgotten Vault's ruler cannot
0.070111	0.126728	0.859779	0.032258	1.000	target relics held by its ruler. If ruled by
0.088561	0.085253	0.826568	0.036866	1.000	Empire, all Imperials have this power.
0.889299	0.055300	0.059041	0.018433	1.000	A 75
FILE	/private/tmp/oath-runtime-catalog/crops/denizen-nf-rev1-1-8.jpg
0.265683	0.870968	0.601476	0.055300	1.000	Golem Legions
0.059041	0.165899	0.833948	0.046083	1.000	You may muster by placing e
0.080000	0.116359	0.820000	0.050691	1.000	on Golem Legions. It counts
0.110701	0.073733	0.749077	0.043779	1.000	itself as a matching adviser.
0.889299	0.055300	0.051661	0.018433	1.000	199
FILE	/private/tmp/oath-runtime-catalog/crops/denizen-nf-rev1-10-1.jpg
0.287726	0.840655	0.524178	0.056018	1.000	Search Party
0.195572	0.195853	0.634686	0.039171	1.000	WHEN PLAYED, peek at the
0.180812	0.161290	0.664207	0.034562	1.000	bottom 3 cards of a discard
0.195572	0.115207	0.627306	0.036866	1.000	pile and play one as if you
0.221402	0.078341	0.583026	0.036866	1.000	searched. Return the rest.
0.845018	0.059908	0.051661	0.016129	1.000	240
FILE	/private/tmp/oath-runtime-catalog/crops/denizen-nf-rev1-10-2.jpg
0.280443	0.841014	0.630996	0.055300	1.000	Moving Market
0.180812	0.152074	0.653137	0.036866	1.000	After trading with Moving
0.110701	0.112903	0.782288	0.039171	1.000	Market, you may move this card
0.125461	0.073733	0.763838	0.036866	1.000	to any site with capacity. If you
0.127723	0.029578	0.202118	0.049139	1.000	do, gain
0.420664	0.041475	0.221402	0.032258	1.000	from the
0.741697	0.036866	0.151292	0.039171	1.000	bank.
0.904059	0.027650	0.047970	0.016129	1.000	241
FILE	/private/tmp/oath-runtime-catalog/crops/denizen-nf-rev1-10-3.jpg
0.265683	0.847926	0.627306	0.046083	1.000	Traveling Negotiator
0.199262	0.488479	0.095941	0.036866	1.000	60
0.059041	0.112903	0.881919	0.043779	1.000	WHEN NEGOTIATING: You may
0.110701	0.066820	0.763838	0.046083	1.000	negotiate with any player.
0.896679	0.025346	0.051661	0.018433	1.000	242
FILE	/private/tmp/oath-runtime-catalog/crops/denizen-nf-rev1-10-4.jpg
0.243542	0.843318	0.649446	0.052995	1.000	Pledge of Defense
0.022140	0.076037	0.177122	0.073733	0.500	+X
0.350554	0.133641	0.346863	0.041475	1.000	X equals all
0.346863	0.085253	0.501845	0.046083	1.000	you rule. At end,
0.350554	0.043779	0.501845	0.041475	1.000	discard this card.
0.796552	0.137471	0.155973	0.040726	1.000	cards
0.892989	0.025346	0.051661	0.018433	1.000	243
FILE	/private/tmp/oath-runtime-catalog/crops/denizen-nf-rev1-10-5.jpg
0.280443	0.877880	0.575646	0.050691	1.000	The Red Seer
0.118081	0.163594	0.789668	0.036866	1.000	Action: If you hold the Darkest
0.136531	0.122120	0.756458	0.041475	1.000	Secret, change the Oathkeeper
0.136531	0.085253	0.756458	0.039171	1.000	goal to anything but Devotion.
0.907749	0.055300	0.051661	0.018433	1.000	244
FILE	/private/tmp/oath-runtime-catalog/crops/denizen-nf-rev1-10-6.jpg
0.279872	0.868853	0.550957	0.064137	1.000	Royal Stables
0.225092	0.149770	0.579336	0.039171	1.000	Travel costs one less
0.217712	0.096774	0.594096	0.046083	1.000	Supply (minimum 1).
0.907749	0.055300	0.055351	0.018433	1.000	245
FILE	/private/tmp/oath-runtime-catalog/crops/denizen-nf-rev1-10-7.jpg
0.246264	0.867169	0.544371	0.065201	1.000	Call for help
0.070111	0.811060	0.151292	0.032258	1.000	000
0.188192	0.285714	0.616236	0.041475	1.000	WHEN PLAYED, reveal and
0.247232	0.248848	0.505535	0.036866	1.000	discard up to 6 cards
0.180812	0.207373	0.634686	0.041475	1.000	from your region's discard
0.188192	0.165899	0.623616	0.039171	1.000	pile. Gain 2 warbands for
0.225092	0.131336	0.324723	0.034562	1.000	each revealed
0.649446	0.129032	0.129151	0.036866	1.000	card.
0.830258	0.089862	0.059041	0.018433	1.000	246
FILE	/private/tmp/oath-runtime-catalog/crops/denizen-nf-rev1-10-8.jpg
0.257149	0.872769	0.667109	0.060005	1.000	Vow of (andering
0.073801	0.813364	0.140221	0.027650	0.300	ЭЭЭ
0.110187	0.218719	0.768757	0.048761	1.000	Gain two more warbands.
0.055351	0.082949	0.885609	0.036866	1.000	You cannot place warbands on sites.
0.889299	0.052995	0.051661	0.020737	1.000	247
FILE	/private/tmp/oath-runtime-catalog/crops/denizen-nf-rev1-11-1.jpg
0.280443	0.843318	0.619926	0.050691	1.000	Mounted Library
0.136531	0.131336	0.756458	0.039171	1.000	If trading on Mounted Library
0.162362	0.099078	0.077491	0.032258	1.000	for
0.324318	0.090481	0.425166	0.044845	1.000	, gain double the
0.136531	0.055300	0.756458	0.039171	1.000	then discard Mounted Library.
0.904059	0.023041	0.055351	0.018433	1.000	248
FILE	/private/tmp/oath-runtime-catalog/crops/denizen-nf-rev1-11-2.jpg
0.273063	0.841014	0.225092	0.055300	1.000	Keep
0.900369	0.453917	0.077491	0.032258	0.300	ULI
0.092251	0.149770	0.826568	0.034562	1.000	If defeated in a raid, after the attacker
0.110701	0.112903	0.782288	0.036866	1.000	takes what they targeted, place your
0.106667	0.079167	0.793333	0.041801	1.000	pawn at this site and end the action.
0.158672	0.039171	0.697417	0.034562	1.000	Do not burn favor, move pawn, etc.
FILE	/private/tmp/oath-runtime-catalog/crops/denizen-nf-rev1-11-3.jpg
0.269373	0.847926	0.560886	0.046083	1.000	Martial Culture
0.103321	0.152074	0.797048	0.032258	1.000	If you're an Exile and defeat another
0.140221	0.112903	0.726937	0.036866	1.000	Exile, you may become a Citizen.
0.228782	0.078341	0.546125	0.032258	1.000	Follow the steps in the rules
0.258303	0.041475	0.487085	0.032258	1.000	and end your Act Phase.
0.892989	0.027650	0.055351	0.016129	1.000	A 10
FILE	/private/tmp/oath-runtime-catalog/crops/denizen-nf-rev1-11-4.jpg
0.261993	0.845622	0.557196	0.048387	1.000	Master at Arms
0.225092	0.135945	0.546125	0.043779	1.000	You may reroll any
0.110701	0.096774	0.760148	0.039171	1.000	number of dice that show
0.162362	0.041475	0.664207	0.050691	1.000	hollow swords & once.
0.889299	0.025346	0.051661	0.018433	1.000	249
FILE	/private/tmp/oath-runtime-catalog/crops/denizen-nf-rev1-11-5.jpg
0.276603	0.879831	0.262293	0.044485	1.000	Baron
0.099631	0.165899	0.819188	0.046083	1.000	You may play to any site you
0.132841	0.117512	0.760148	0.048387	1.000	rule, and you may discard
0.143911	0.078341	0.749077	0.041475	1.000	a card from that site first.
0.907749	0.055300	0.051661	0.018433	1.000	250
FILE	/private/tmp/oath-runtime-catalog/crops/denizen-nf-rev1-11-6.jpg
0.269373	0.873272	0.560886	0.057604	1.000	honor Guard
0.103321	0.163594	0.808118	0.036866	1.000	Action: Choose a player with no
0.180812	0.124424	0.738007	0.036866	1.000	advisers whose pawn is at your
0.053333	0.087500	0.886667	0.041667	1.000	site. Bury a faceup adviser they have
0.900369	0.055300	0.051661	0.018433	1.000	251
FILE	/private/tmp/oath-runtime-catalog/crops/denizen-nf-rev1-11-7.jpg
0.261993	0.866359	0.402214	0.066820	1.000	City Call
0.080000	0.157834	0.833333	0.046333	1.000	While at this site, enemies of City
0.059041	0.124424	0.608856	0.036866	1.000	Wall's ruler cannot place
0.874539	0.131336	0.066421	0.020737	1.000	on
0.073027	0.078228	0.854212	0.050307	1.000	cards or use non-persistent powers.
0.896679	0.055300	0.051661	0.018433	1.000	252
FILE	/private/tmp/oath-runtime-catalog/crops/denizen-nf-rev1-11-8.jpg
0.261993	0.877880	0.638376	0.050691	1.000	Fearsome General
0.136531	0.165899	0.719557	0.046083	1.000	Each a you roll adds two
0.099631	0.117512	0.793358	0.046083	1.000	more * (4 total), even if the
0.099631	0.071429	0.793358	0.046083	1.000	• is ignored (Outriders, etc).
0.892989	0.055300	0.051661	0.018433	1.000	253
FILE	/private/tmp/oath-runtime-catalog/crops/denizen-nf-rev1-12-1.jpg
0.284133	0.847926	0.546125	0.048387	1.000	Careful Plans
0.228782	0.142857	0.571956	0.039171	1.000	The defender must
0.173361	0.096574	0.265824	0.037266	1.000	roll their
0.542250	0.096155	0.310334	0.038104	1.000	before the
0.188192	0.050691	0.535055	0.036866	1.000	attacker rolls their
0.907749	0.025346	0.051661	0.018433	1.000	254
FILE	/private/tmp/oath-runtime-catalog/crops/denizen-nf-rev1-12-2.jpg
0.276753	0.841014	0.616236	0.052995	1.000	Garrison Armory
0.151292	0.133641	0.712177	0.048387	1.000	In a conquest, warbands
0.131774	0.086773	0.751337	0.053607	1.000	on targeted sites each add
0.132218	0.044682	0.750551	0.049418	1.000	+2 defense (instead of +1).
0.900369	0.025346	0.055351	0.018433	1.000	255
FILE	/private/tmp/oath-runtime-catalog/crops/denizen-nf-rev1-12-3.jpg
0.265124	0.845700	0.473442	0.052840	1.000	Battle Axes
0.092251	0.087558	0.121771	0.055300	1.000	+2
0.376062	0.111696	0.410238	0.046192	1.000	if your enemy
0.379931	0.073436	0.195857	0.037460	1.000	rules a
0.682657	0.069124	0.154982	0.041475	1.000	card.
0.892989	0.025346	0.055351	0.016129	1.000	256
FILE	/private/tmp/oath-runtime-catalog/crops/denizen-nf-rev1-12-4.jpg
0.261798	0.847219	0.465335	0.052106	1.000	Great Feast
0.918819	0.762673	0.029520	0.032258	1.000	=
0.073801	0.119816	0.531365	0.036866	1.000	ActIon: Discard a
0.712109	0.117371	0.206778	0.039451	1.000	card at
0.110701	0.066820	0.767528	0.043779	1.000	your site to gain 3 Supply.
0.885609	0.023041	0.055351	0.018433	1.000	257
FILE	/private/tmp/oath-runtime-catalog/crops/denizen-nf-rev1-12-5.jpg
0.280443	0.870968	0.583026	0.057604	1.000	Quartermaster
0.180812	0.140553	0.656827	0.046083	1.000	WAKE: If you rule this
0.221402	0.092166	0.583026	0.048387	1.000	card, gain 1 Supply.
0.904059	0.055300	0.055351	0.018433	1.000	258
FILE	/private/tmp/oath-runtime-catalog/crops/denizen-nf-rev1-2-1.jpg
0.276753	0.850230	0.564576	0.043779	1.000	Council Arbiter
0.154982	0.152074	0.715867	0.036866	1.000	WHEN NEGOTIATING: You may
0.129151	0.110599	0.767528	0.041475	1.000	give, receive, and swap advisers.
0.110701	0.073733	0.804428	0.036866	1.000	You cannot exchange locked advisers.
0.147601	0.036866	0.738007	0.036866	1.000	You still follow your adviser limit.
0.907749	0.025346	0.051661	0.018433	1.000	200
FILE	/private/tmp/oath-runtime-catalog/crops/denizen-nf-rev1-2-2.jpg
0.276032	0.845276	0.433177	0.053687	1.000	Catacombs
0.095941	0.129032	0.822878	0.041475	1.000	If this site has an empty relic slot,
0.129151	0.099078	0.763838	0.034562	1.000	draw a relic from the relic deck
0.173432	0.055300	0.671587	0.039171	1.000	and place it here facedown.
0.904059	0.027650	0.051661	0.016129	1.000	201
FILE	/private/tmp/oath-runtime-catalog/crops/denizen-nf-rev1-2-3.jpg
0.151292	0.854839	0.029520	0.020737	1.000	*
0.265683	0.847926	0.568266	0.046083	1.000	Card of Silence
0.110701	0.133641	0.778598	0.036866	1.000	Action: Choose a player whose
0.136531	0.094470	0.645756	0.036866	1.000	pawn is at your site. Flip X
0.191882	0.057604	0.623616	0.036866	1.000	on their board facedown.
0.896679	0.025346	0.051661	0.018433	1.000	202
FILE	/private/tmp/oath-runtime-catalog/crops/denizen-nf-rev1-2-4.jpg
0.269373	0.845622	0.634686	0.052995	1.000	Vow of (Cisdom
0.080655	0.108516	0.425406	0.047946	1.000	You must gain
0.619784	0.117052	0.302867	0.037785	1.000	instead of
0.195572	0.064516	0.693727	0.043779	1.000	when you play to a site.
0.889299	0.025346	0.055351	0.018433	1.000	203
FILE	/private/tmp/oath-runtime-catalog/crops/denizen-nf-rev1-2-5.jpg
0.276753	0.880184	0.557196	0.043779	1.000	Arcane Brokers
0.173432	0.149770	0.671587	0.039171	1.000	ActIoN: Discard a relic
0.169605	0.096211	0.479979	0.047209	1.000	you hold to gain
0.900369	0.055300	0.055351	0.018433	1.000	204
FILE	/private/tmp/oath-runtime-catalog/crops/denizen-nf-rev1-2-6.jpg
0.269051	0.870135	0.362267	0.056964	1.000	Disciples
0.055351	0.165899	0.892989	0.046083	1.000	If you have the Darkest Secret,
0.077491	0.119816	0.848708	0.048387	1.000	spend only 2 Supply if you're
0.110701	0.073733	0.767528	0.046083	1.000	searching the world deck.
0.896679	0.055300	0.051661	0.018433	1.000	205
FILE	/private/tmp/oath-runtime-catalog/crops/denizen-nf-rev1-2-7.jpg
0.269373	0.877880	0.623616	0.048387	1.000	Arcane Armor
0.406011	0.400262	0.170898	0.144393	0.300	anan
0.107011	0.172811	0.158672	0.036866	1.000	Set X
0.349757	0.167837	0.544165	0.046098	1.000	you have collected
0.154982	0.126728	0.686347	0.036866	1.000	to their •o face instead
0.269373	0.073733	0.464945	0.043779	1.000	of rolling them.
0.892989	0.055300	0.055351	0.018433	1.000	206
FILE	/private/tmp/oath-runtime-catalog/crops/denizen-nf-rev1-2-8.jpg
0.261993	0.877880	0.309963	0.048387	1.000	Glamor
0.051661	0.158986	0.428044	0.032258	1.000	You may also target
0.571824	0.158480	0.358198	0.037879	1.000	on your enemy's
0.051661	0.122120	0.608856	0.032258	1.000	board except their last. Add
0.752475	0.125977	0.177708	0.029151	1.000	for each
0.051661	0.082949	0.878229	0.036866	1.000	targeted. If you're victorious, take them.
0.885609	0.055300	0.055351	0.018433	1.000	207
FILE	/private/tmp/oath-runtime-catalog/crops/denizen-nf-rev1-3-1.jpg
0.276753	0.850230	0.627306	0.043779	1.000	Wizard's Conclave
0.210332	0.255760	0.605166	0.039171	1.000	WHEN PLAYED, the player
0.228782	0.223502	0.472325	0.029954	1.000	who rules the most
0.228782	0.182028	0.568266	0.034562	1.000	cards takes the Darkest
0.228782	0.138249	0.564576	0.039171	1.000	Secret. You decide ties.
0.202952	0.096774	0.616236	0.034562	1.000	Don't remove secrets from it.
0.841328	0.059908	0.055351	0.018433	1.000	208
FILE	/private/tmp/oath-runtime-catalog/crops/denizen-nf-rev1-3-2.jpg
0.273063	0.843318	0.553506	0.052995	1.000	Long-Lost heir
0.073801	0.778802	0.151292	0.034562	1.000	000
0.188192	0.195853	0.638376	0.041475	1.000	WHEN PLAYED, if you're an
0.210332	0.154378	0.590406	0.039171	1.000	Exile, you may become a
0.162362	0.119816	0.693727	0.036866	1.000	Citizen. Follow the steps in the
0.177122	0.078341	0.660517	0.036866	1.000	rules and end your Act Phase.
FILE	/private/tmp/oath-runtime-catalog/crops/denizen-nf-rev1-3-3.jpg
0.269373	0.845622	0.571956	0.052995	1.000	Vow of Union
0.136531	0.285714	0.726937	0.034562	1.000	At the start of any campaign, you
0.110701	0.248848	0.778598	0.034562	1.000	may move any number of warbands
0.136531	0.211982	0.726937	0.034562	1.000	from sites you rule in your region
0.202952	0.177419	0.597786	0.032258	1.000	to your board or vice versa.
0.095941	0.073733	0.413284	0.034562	1.000	You may only have
0.594096	0.073733	0.309963	0.034562	1.000	advisers-bury
0.081181	0.036866	0.841328	0.034562	1.000	other advisers you have or would gain.
0.878229	0.027650	0.070111	0.016129	1.000	A 185
FILE	/private/tmp/oath-runtime-catalog/crops/denizen-nf-rev1-3-4.jpg
0.258303	0.838710	0.557196	0.059908	1.000	Giant Python
0.066667	0.254167	0.853333	0.041916	1.000	AcTion: If you hold the Darkest Secret,
0.110701	0.218894	0.763838	0.034562	1.000	move Giant Python to another site,
0.084871	0.182028	0.815498	0.034562	1.000	and you may discard a card there first.
0.036900	0.089862	0.911439	0.027650	1.000	Other cards at this site cannot be used for
0.051661	0.048387	0.704797	0.032258	1.000	non-persistent powers or placing
0.889299	0.029954	0.051661	0.013825	1.000	186
FILE	/private/tmp/oath-runtime-catalog/crops/denizen-nf-rev1-3-5.jpg
0.280443	0.880184	0.523985	0.046083	1.000	Forest Council
0.107011	0.168203	0.815498	0.032258	1.000	Enemies of Forest Council's ruler
0.110200	0.121332	0.325813	0.037651	1.000	cannot place
0.608856	0.131336	0.070111	0.020737	1.000	on
0.771152	0.128934	0.132972	0.034758	1.000	cards
0.091778	0.082571	0.842506	0.040939	1.000	or use their non-persistent powers.
0.885609	0.055300	0.073801	0.018433	1.000	A 194
FILE	/private/tmp/oath-runtime-catalog/crops/denizen-nf-rev1-3-6.jpg
0.276278	0.876577	0.333052	0.050993	1.000	Bracken
0.113333	0.162442	0.780000	0.041724	1.000	You may put all of the cards you
0.070111	0.124424	0.874539	0.039171	1.000	discard on the top or bottom of any
0.093333	0.087500	0.826667	0.041667	1.000	one discard pile (even your region's).
0.874539	0.052995	0.077491	0.020737	1.000	A 197
FILE	/private/tmp/oath-runtime-catalog/crops/denizen-nf-rev1-3-7.jpg
0.268925	0.876362	0.428940	0.053728	1.000	True Oath
0.073801	0.811060	0.147601	0.032258	1.000	300
0.191882	0.225806	0.619926	0.041475	1.000	WHEN PLAYED, if you rule
0.225092	0.191244	0.461255	0.034562	1.000	at least three other
0.225092	0.145161	0.549815	0.041475	1.000	cards, you may change
0.243542	0.105991	0.516605	0.041475	1.000	the Oathkeeper goal.
0.833948	0.089862	0.055351	0.018433	1.000	209
FILE	/private/tmp/oath-runtime-catalog/crops/denizen-nf-rev1-3-8.jpg
0.258303	0.870968	0.184502	0.057604	1.000	Bog
0.158672	0.172811	0.675277	0.039171	1.000	ActIon: Discard a relic
0.165895	0.119170	0.480018	0.047373	1.000	you hold to gain
0.224903	0.080106	0.266061	0.037944	1.000	from the
0.594096	0.076037	0.173432	0.041475	1.000	bank.
0.892989	0.057604	0.051661	0.016129	1.000	210
FILE	/private/tmp/oath-runtime-catalog/crops/denizen-nf-rev1-4-1.jpg
0.273063	0.841014	0.656827	0.055300	1.000	(Chispering Leaves
0.125461	0.131336	0.771218	0.039171	1.000	Action: Choose a player whose
0.132841	0.094470	0.760148	0.034562	1.000	pawn is at your site. They must
0.225092	0.055300	0.129151	0.039171	1.000	place
0.490703	0.057364	0.313797	0.037346	1.000	on this card.
0.907749	0.025346	0.051661	0.018433	1.000	211
FILE	/private/tmp/oath-runtime-catalog/crops/denizen-nf-rev1-4-2.jpg
0.273063	0.847926	0.535055	0.048387	1.000	Bed of Roots
0.177122	0.138249	0.660517	0.041475	1.000	Action: Bury a faceup
0.162362	0.089862	0.697417	0.043779	1.000	adviser you have (even if
0.213765	0.042822	0.410107	0.045692	1.000	locked) to gain
0.900369	0.025346	0.055351	0.018433	1.000	212
FILE	/private/tmp/oath-runtime-catalog/crops/denizen-nf-rev1-4-3.jpg
0.269373	0.847926	0.601476	0.048387	1.000	Autumn Cind
0.239852	0.251152	0.527675	0.039171	1.000	WHEN PLAYED, shuffle
0.195572	0.209677	0.612546	0.041475	1.000	together all discard piles,
0.162362	0.177419	0.678967	0.034562	1.000	then deal these cards to the
0.202952	0.131336	0.597786	0.039171	1.000	discard piles as evenly as
0.195572	0.092166	0.612546	0.039171	1.000	possible. You decide ties.
0.833948	0.059908	0.055351	0.018433	1.000	213
FILE	/private/tmp/oath-runtime-catalog/crops/denizen-nf-rev1-4-4.jpg
0.269224	0.840511	0.516902	0.060914	1.000	Shifting Fog
0.210332	0.195853	0.575646	0.039171	1.000	WHEN PLAYED, move all
0.202952	0.161290	0.590406	0.034562	1.000	favor in each favor bank
0.214022	0.122120	0.564576	0.032258	1.000	to the next bank to the
0.214022	0.076037	0.140221	0.036866	1.000	right.
0.453787	0.080322	0.214198	0.023687	1.000	moves to
0.826568	0.059908	0.055351	0.016129	1.000	214
FILE	/private/tmp/oath-runtime-catalog/crops/denizen-nf-rev1-4-5.jpg
0.276753	0.877880	0.553506	0.050691	1.000	Fae Battalion
0.173432	0.168203	0.682657	0.043779	1.000	If you have the Darkest
0.191882	0.117512	0.649446	0.046083	1.000	Secret, you may count
0.191882	0.073733	0.642066	0.046083	1.000	each 4 as a & instead.
0.907749	0.055300	0.051661	0.018433	1.000	215
FILE	/private/tmp/oath-runtime-catalog/crops/denizen-nf-rev1-4-6.jpg
0.261490	0.867571	0.329418	0.062093	1.000	hunger
0.081181	0.811060	0.140221	0.032258	1.000	000
0.103321	0.182028	0.804428	0.039171	1.000	WAKE: You must bury an adviser
0.158672	0.142857	0.693727	0.039171	1.000	held by a player whose pawn
0.169742	0.103687	0.664207	0.036866	1.000	is at your site (even yourself,
0.184502	0.066820	0.638376	0.036866	1.000	but cannot bury this card.
0.900369	0.055300	0.051661	0.018433	1.000	216
FILE	/private/tmp/oath-runtime-catalog/crops/denizen-nf-rev1-4-7.jpg
0.265298	0.867448	0.513685	0.066947	1.000	Signal Trees
0.151292	0.182028	0.704797	0.039171	1.000	Reveal the top three cards of
0.147601	0.142857	0.697417	0.041475	1.000	your region's discard pile. +2
0.242525	0.107378	0.307886	0.033043	1.000	per revealed
0.568124	0.107841	0.280726	0.035470	1.000	4. Discard
0.202952	0.069124	0.594096	0.036866	1.000	all of the revealed cards.
0.892989	0.055300	0.055351	0.018433	1.000	217
FILE	/private/tmp/oath-runtime-catalog/crops/denizen-nf-rev1-4-8.jpg
0.254613	0.873272	0.605166	0.057604	1.000	Forest Carden
0.154677	0.164949	0.362232	0.047983	1.000	If you play a
0.623428	0.172395	0.207019	0.037698	1.000	card to
0.180812	0.117512	0.627306	0.048387	1.000	a site, you may bury a
0.202952	0.076037	0.586716	0.041475	1.000	card at the site first.
0.889299	0.055300	0.051661	0.018433	1.000	218
FILE	/private/tmp/oath-runtime-catalog/crops/denizen-nf-rev1-5-1.jpg
0.276753	0.843318	0.642066	0.050691	1.000	Disgraced Captain
0.103321	0.080645	0.173432	0.064516	1.000	+41
0.413284	0.138249	0.439114	0.039171	1.000	if the defender
0.413017	0.091465	0.244077	0.038268	1.000	rules an
0.745387	0.092166	0.129151	0.039171	1.000	card
0.413284	0.043779	0.472325	0.039171	1.000	(even an adviser).
0.904059	0.027650	0.055351	0.016129	1.000	A 20
FILE	/private/tmp/oath-runtime-catalog/crops/denizen-nf-rev1-5-2.jpg
0.273063	0.838710	0.623616	0.059908	1.000	Book Burning
0.579336	0.488479	0.062731	0.029954	1.000	++
0.158672	0.131336	0.693727	0.041475	1.000	If you're victorious in a raid,
0.147324	0.098431	0.203508	0.035858	1.000	burn all
0.439114	0.099078	0.428044	0.036866	1.000	on the defender's
0.184502	0.055300	0.549815	0.039171	1.000	board except their last
0.896679	0.027650	0.059041	0.016129	1.000	A 22
FILE	/private/tmp/oath-runtime-catalog/crops/denizen-nf-rev1-5-3.jpg
0.273063	0.850230	0.571956	0.046083	1.000	Dow of Division
0.073801	0.781106	0.151292	0.032258	1.000	000
0.158195	0.151722	0.683585	0.036241	1.000	You cannot take the Challenge
0.114391	0.115207	0.763838	0.032258	1.000	action. Whenever an enemy burns
0.166052	0.078341	0.723247	0.032258	1.000	, you take that favor unless it was
0.158672	0.041475	0.678967	0.034562	1.000	burned by a raid targeting you.
0.885609	0.023041	0.062731	0.020737	1.000	A 86
FILE	/private/tmp/oath-runtime-catalog/crops/denizen-nf-rev1-5-4.jpg
0.258303	0.843318	0.605166	0.050691	1.000	Royal Ambitions
0.143911	0.271889	0.701107	0.034562	1.000	WHEN PLAYED, if you're an Exile
0.191218	0.228913	0.602889	0.039938	1.000	and rule the most sites, you
0.172899	0.197420	0.642944	0.035665	1.000	may take a random relic from
0.188192	0.158986	0.612546	0.034562	1.000	the Reliquary and become a
0.184502	0.124424	0.623616	0.032258	1.000	Citizen. Follow the steps in the
0.199262	0.087558	0.590406	0.032258	1.000	rules and end your Act Phase.
0.830258	0.064516	0.059041	0.013825	1.000	^ 88
FILE	/private/tmp/oath-runtime-catalog/crops/denizen-nf-rev1-5-5.jpg
0.287823	0.880184	0.490775	0.046083	1.000	Salt the Garth
0.172436	0.167063	0.680525	0.053289	1.000	If you're victorious in a
0.166052	0.119816	0.693727	0.046083	1.000	conquest, bury all cards
0.166052	0.073733	0.701107	0.046083	1.000	at one site you targeted.
0.889299	0.048387	0.077491	0.025346	1.000	489
FILE	/private/tmp/oath-runtime-catalog/crops/denizen-nf-rev1-5-6.jpg
0.273063	0.877880	0.221402	0.050691	1.000	Riots
0.199262	0.225806	0.616236	0.041475	1.000	WHEN PLAYED, discard all
0.131982	0.185231	0.750856	0.046368	1.000	denizens at sites in this region.
0.188192	0.152074	0.634686	0.032258	1.000	Burn the same number of
0.243542	0.105991	0.594096	0.041475	1.000	from the People's Favor.
0.830258	0.092166	0.059041	0.016129	1.000	A 91
FILE	/private/tmp/oath-runtime-catalog/crops/denizen-nf-rev1-5-7.jpg
0.268831	0.875975	0.462338	0.056806	1.000	Relic Thief
0.132096	0.180314	0.739544	0.046494	1.000	AcTIoN: Choose a faceup relic
0.129151	0.142857	0.741697	0.039171	1.000	held by a player whose pawn is
0.109350	0.100576	0.412769	0.045356	1.000	at your site. Roll
0.605166	0.105991	0.276753	0.034562	1.000	equal to its
0.107011	0.050691	0.845018	0.055300	1.000	defense. If you roll noø, take it. it.,95
FILE	/private/tmp/oath-runtime-catalog/crops/denizen-nf-rev1-5-8.jpg
0.273063	0.870968	0.254613	0.052995	1.000	gossip
0.110701	0.163594	0.771218	0.036866	1.000	After an enemy plays an adviser
0.147601	0.122120	0.701107	0.041475	1.000	facedown (including a Vision),
0.177122	0.085253	0.107011	0.036866	1.000	gain
0.365204	0.091869	0.221622	0.032851	1.000	from the
0.675277	0.087558	0.140221	0.036866	1.000	bank.
0.881919	0.055300	0.059041	0.016129	1.000	499
FILE	/private/tmp/oath-runtime-catalog/crops/denizen-nf-rev1-6-1.jpg
0.280443	0.847926	0.527675	0.048387	1.000	Bandit Chief
0.232472	0.175115	0.557196	0.041475	1.000	WHEN PLAYED, kill one
0.210332	0.142857	0.597786	0.029954	1.000	warband at each site not
0.254613	0.096774	0.512915	0.039171	1.000	ruled by the bandits.
0.830258	0.064516	0.066421	0.013825	1.000	^ 100
FILE	/private/tmp/oath-runtime-catalog/crops/denizen-nf-rev1-6-2.jpg
0.272669	0.846886	0.321821	0.050467	1.000	Defame
0.092251	0.112903	0.590406	0.043779	1.000	After trading with a
0.770614	0.118950	0.134050	0.038597	1.000	card
0.059041	0.066820	0.896679	0.046083	1.000	burn from any player board.
0.881919	0.025346	0.070111	0.018433	1.000	A 102
FILE	/private/tmp/oath-runtime-catalog/crops/denizen-nf-rev1-6-3.jpg
0.258303	0.843318	0.638376	0.050691	1.000	Bandit Paymaster
0.110701	0.140553	0.763838	0.041475	1.000	ActIoN: Remove a bandit
0.129151	0.092166	0.726937	0.041475	1.000	from your site except the
0.143911	0.043779	0.697417	0.046083	1.000	last to gain 3 warbands.
0.889299	0.025346	0.051661	0.018433	1.000	219
FILE	/private/tmp/oath-runtime-catalog/crops/denizen-nf-rev1-6-4.jpg
0.254613	0.843318	0.531365	0.050691	1.000	Reliquary Raid
0.062731	0.781106	0.151292	0.032258	1.000	000
0.129151	0.110599	0.719557	0.041475	1.000	WHEN PLAYED, take a random
0.188192	0.071429	0.601476	0.039171	1.000	relic from the Reliquary.
0.819188	0.059908	0.055351	0.016129	1.000	220
FILE	/private/tmp/oath-runtime-catalog/crops/denizen-nf-rev1-6-5.jpg
0.272190	0.873481	0.330159	0.059489	1.000	Tracker
0.132369	0.182497	0.757412	0.036395	1.000	AcTIon: Choose an enemy pawn at
0.151292	0.147465	0.723247	0.034562	1.000	your site and end your Act Phase.
0.110701	0.103687	0.797048	0.034562	1.000	WAKE: If you chose a pawn last turn,
0.107011	0.069124	0.804428	0.032258	1.000	you may place your pawn at their site.
0.907749	0.055300	0.051661	0.018433	1.000	221
FILE	/private/tmp/oath-runtime-catalog/crops/denizen-nf-rev1-6-6.jpg
0.273063	0.880184	0.619926	0.046083	1.000	Banner Breakers
0.077491	0.112903	0.147601	0.062212	1.000	+3
0.383764	0.172811	0.549815	0.039171	1.000	if the defender has
0.387454	0.126728	0.538745	0.039171	1.000	the Darkest Secret
0.387454	0.076037	0.512915	0.046083	1.000	or People's Favor.
0.900369	0.055300	0.055351	0.018433	1.000	222
FILE	/private/tmp/oath-runtime-catalog/crops/denizen-nf-rev1-6-7.jpg
0.265683	0.873272	0.630996	0.052995	1.000	Pledge to Discord
0.077491	0.813364	0.143911	0.029954	0.500	000
0.147601	0.161290	0.619926	0.034562	1.000	Your advisers all have the
0.102661	0.113338	0.795029	0.048064	1.000	suit instead of their printed suit.
0.190769	0.073257	0.514798	0.040127	1.000	Marriage counts as two
0.896679	0.055300	0.051661	0.018433	1.000	223
FILE	/private/tmp/oath-runtime-catalog/crops/denizen-nf-rev1-6-8.jpg
0.261993	0.875576	0.630996	0.050691	1.000	Friendly Familiar
0.549815	0.707373	0.051661	0.039171	0.500	4
0.616236	0.675115	0.059041	0.048387	0.500	4
0.564576	0.612903	0.103321	0.043779	0.300	И ДА
0.147601	0.168203	0.701107	0.043779	1.000	Act as if your pawn is at
0.121771	0.122120	0.752768	0.043779	1.000	any site. You may use Trade
0.232472	0.078341	0.531365	0.039171	1.000	modifiers at the site.
0.889299	0.055300	0.055351	0.018433	1.000	224
FILE	/private/tmp/oath-runtime-catalog/crops/denizen-nf-rev1-7-1.jpg
0.276753	0.845622	0.660517	0.050691	1.000	Unstable Summon
0.169742	0.135945	0.686347	0.046083	1.000	If you hold the Darkest
0.176875	0.086645	0.428539	0.047909	1.000	Secret, burn X
0.697417	0.096774	0.151292	0.036866	1.000	from
0.261993	0.050691	0.398524	0.036866	1.000	it to collect X
0.907749	0.025346	0.051661	0.018433	1.000	225
FILE	/private/tmp/oath-runtime-catalog/crops/denizen-nf-rev1-7-2.jpg
0.269373	0.847926	0.583026	0.048387	1.000	Bandit Prince
0.081181	0.781106	0.143911	0.032258	1.000	000
0.125461	0.175115	0.767528	0.041475	1.000	WHEN PLAYED, you may replace
0.187179	0.131843	0.633086	0.046564	1.000	all bandits at any sites you
0.162362	0.096774	0.686347	0.039171	1.000	choose with your warbands.
0.837638	0.059908	0.051661	0.016129	1.000	226
FILE	/private/tmp/oath-runtime-catalog/crops/denizen-nf-rev1-7-3.jpg
0.261993	0.847926	0.597786	0.050691	1.000	Dark Enforcer
0.103321	0.119816	0.575646	0.039171	1.000	AcTIoN: Discard all
0.778598	0.119816	0.118081	0.036866	1.000	and
0.247232	0.066820	0.601476	0.043779	1.000	cards from your site.
0.892989	0.023041	0.055351	0.018433	1.000	227
FILE	/private/tmp/oath-runtime-catalog/crops/denizen-nf-rev1-7-4.jpg
0.265683	0.843318	0.594096	0.052995	1.000	Spoiled Supplies
0.051037	0.111445	0.883286	0.049200	1.000	AcTIoN: Enemies with a pawn
0.047970	0.066820	0.892989	0.046083	1.000	at your site each lose 1 Supply.
0.885609	0.023041	0.055351	0.018433	1.000	228
FILE	/private/tmp/oath-runtime-catalog/crops/denizen-nf-rev1-7-5.jpg
0.280443	0.877880	0.535055	0.052995	1.000	Tinker's Fair
0.206642	0.149770	0.608856	0.039171	1.000	ActIon: Draw a relic
0.225092	0.101382	0.571956	0.041475	1.000	from the relic deck.
0.900369	0.057604	0.059041	0.016129	1.000	A 13
FILE	/private/tmp/oath-runtime-catalog/crops/denizen-nf-rev1-7-6.jpg
0.261993	0.870968	0.653137	0.055300	1.000	Memory of home
0.070111	0.154378	0.512915	0.036866	1.000	AcTIoN: Move all
0.672072	0.143729	0.272411	0.049117	1.000	from any
0.053333	0.103687	0.900000	0.046313	1.000	one favor bank to the © bank.
0.896679	0.057604	0.055351	0.013825	1.000	449
FILE	/private/tmp/oath-runtime-catalog/crops/denizen-nf-rev1-7-7.jpg
0.265683	0.880184	0.586716	0.043779	1.000	A Round of Alle
0.199262	0.205069	0.601476	0.041475	1.000	WHEN PLAYED, return all
0.273063	0.172811	0.095941	0.034562	1.000	and
0.446255	0.165087	0.354722	0.043098	1.000	, and flip your
0.298893	0.129032	0.505535	0.036866	1.000	as in the Rest Phase.
0.815498	0.094470	0.073801	0.013825	1.000	A 129
FILE	/private/tmp/oath-runtime-catalog/crops/denizen-nf-rev1-7-8.jpg
0.258303	0.875576	0.560886	0.052995	1.000	Relic Breaker
0.199262	0.145161	0.594096	0.043779	1.000	Action: Bury a relic
0.198985	0.095621	0.480259	0.048388	1.000	you hold to gain
0.870849	0.057604	0.070111	0.013825	1.000	A 139
FILE	/private/tmp/oath-runtime-catalog/crops/denizen-nf-rev1-8-1.jpg
0.276487	0.844727	0.450716	0.054786	1.000	Ballot Box
0.158672	0.449309	0.047970	0.029954	1.000	U
0.066421	0.152074	0.885609	0.032258	1.000	Action: If you have an adviser matching
0.092251	0.112903	0.833948	0.034562	1.000	a card at this site, replace all warbands
0.158672	0.078341	0.704797	0.032258	1.000	on this site with your warbands.
0.132841	0.041475	0.756458	0.034562	1.000	Remove any that can't be replaced.
0.885609	0.025346	0.073801	0.018433	1.000	A 141
FILE	/private/tmp/oath-runtime-catalog/crops/denizen-nf-rev1-8-2.jpg
0.276332	0.839462	0.510066	0.058403	1.000	Deed Criter
0.047404	0.147953	0.920081	0.041044	1.000	WHEN NEGOTIATING: You may give, receive,
0.059041	0.115207	0.892989	0.032258	1.000	and swap sites. Old ruler moves warbands
0.092251	0.078341	0.826568	0.034562	1.000	from site to their board, and new ruler
0.070111	0.046083	0.859779	0.029954	1.000	moves warbands to site from their board
0.878229	0.025346	0.077491	0.018433	1.000	A 146
FILE	/private/tmp/oath-runtime-catalog/crops/denizen-nf-rev1-8-3.jpg
0.268443	0.838056	0.429904	0.061215	1.000	Old Songs
0.062731	0.112903	0.878229	0.046083	1.000	You may trade with cards that
0.065174	0.066370	0.489298	0.045023	1.000	have exactly one
0.652382	0.069358	0.286447	0.043544	1.000	on them.
0.892989	0.025346	0.055351	0.018433	1.000	229
FILE	/private/tmp/oath-runtime-catalog/crops/denizen-nf-rev1-8-4.jpg
0.257707	0.837110	0.403405	0.063106	1.000	Diplomat
0.132841	0.135945	0.723247	0.043779	1.000	Players cannot campaign
0.158672	0.089862	0.671587	0.043779	1.000	against you unless they
0.280338	0.050498	0.173642	0.037253	1.000	rule a
0.557196	0.048387	0.154982	0.041475	1.000	card.
0.889299	0.025346	0.055351	0.018433	1.000	230
FILE	/private/tmp/oath-runtime-catalog/crops/denizen-nf-rev1-8-5.jpg
0.287617	0.870260	0.502257	0.059019	1.000	Village Idiot
0.202952	0.165899	0.612546	0.043779	1.000	After mustering with
0.261905	0.119511	0.409769	0.046692	1.000	this card, gain
0.243320	0.080018	0.262438	0.038122	1.000	from the
0.612546	0.078341	0.169742	0.039171	1.000	bank.
0.907749	0.055300	0.051661	0.018433	1.000	231
FILE	/private/tmp/oath-runtime-catalog/crops/denizen-nf-rev1-8-6.jpg
0.279769	0.868184	0.558543	0.060867	1.000	Spinning Bee
0.084871	0.182028	0.841328	0.034562	1.000	Declare a suit. Draw from your discard
0.084871	0.145161	0.845018	0.034562	1.000	pile until you draw a matching card. If
0.095941	0.105991	0.815498	0.036866	1.000	you draw none, discard them all. You
0.114391	0.073733	0.778598	0.032258	1.000	cannot use other Search modifiers.
0.900369	0.055300	0.055351	0.018433	1.000	232
FILE	/private/tmp/oath-runtime-catalog/crops/denizen-nf-rev1-8-7.jpg
0.265159	0.878407	0.406952	0.051941	1.000	Hirebrand
0.110701	0.345622	0.121771	0.050691	1.000	00-
0.110701	0.163594	0.324723	0.034562	1.000	AcTIoN: Add
0.527561	0.158591	0.365541	0.042265	1.000	to the People's
0.140221	0.119816	0.749077	0.036866	1.000	Favor from any favor bank, or
0.099631	0.087558	0.125461	0.032258	1.000	burn
0.317343	0.082949	0.590406	0.041475	1.000	from the People's Favor.
0.896679	0.055300	0.051661	0.018433	1.000	233
FILE	/private/tmp/oath-runtime-catalog/crops/denizen-nf-rev1-8-8.jpg
0.260961	0.868113	0.407968	0.065617	1.000	Catchdog
0.874539	0.536866	0.118081	0.027650	0.300	муи
0.331850	0.141912	0.410101	0.045668	1.000	if any target is
0.331605	0.099329	0.417971	0.045581	1.000	in the Cradle.
0.889299	0.055300	0.055351	0.018433	1.000	234
FILE	/private/tmp/oath-runtime-catalog/crops/denizen-nf-rev1-9-1.jpg
0.280443	0.847926	0.516605	0.048387	1.000	Havored Son
0.084871	0.778802	0.154982	0.032258	1.000	000
0.280443	0.195853	0.468635	0.039171	1.000	WHEN PLAYED, take
0.258303	0.156682	0.512915	0.043779	1.000	the People's Favor. If
0.261993	0.115207	0.420664	0.039171	1.000	you do, adjust its
0.265683	0.078341	0.501845	0.036866	1.000	using its left ribbon.
0.845018	0.059908	0.051661	0.016129	1.000	235
FILE	/private/tmp/oath-runtime-catalog/crops/denizen-nf-rev1-9-2.jpg
0.272782	0.837553	0.620489	0.062220	1.000	Town Meeting
0.162362	0.191244	0.468635	0.041475	1.000	WHEN PLAYED, gain
0.723247	0.198157	0.125461	0.032258	1.000	from
0.173432	0.154378	0.564576	0.034562	1.000	any favor bank for each
0.129151	0.112903	0.756458	0.039171	1.000	card you rule. This includes your
0.180812	0.069124	0.642066	0.041475	1.000	advisers, even Town Meeting.
0.837638	0.059908	0.051661	0.016129	1.000	236
FILE	/private/tmp/oath-runtime-catalog/crops/denizen-nf-rev1-9-3.jpg
0.265591	0.838363	0.579519	0.060601	1.000	League Treaty
0.147601	0.152074	0.708487	0.036866	1.000	During the Rest Phase of any
0.103321	0.110599	0.793358	0.041475	1.000	player, League Treaty's ruler may
0.136114	0.074448	0.233307	0.028523	1.000	move any
0.461255	0.080645	0.398524	0.029954	1.000	from cards in its
0.140221	0.036866	0.715867	0.034562	1.000	region to any one favor bank.
0.892989	0.023041	0.051661	0.018433	1.000	237
FILE	/private/tmp/oath-runtime-catalog/crops/denizen-nf-rev1-9-4.jpg
0.265683	0.845622	0.642066	0.050691	1.000	Skilled Merchants
0.638376	0.463134	0.118081	0.029954	1.000	00
0.151292	0.112903	0.690037	0.043779	1.000	You may trade with any
0.143911	0.066820	0.708487	0.046083	1.000	denizens in your region.
0.889299	0.025346	0.051661	0.016129	1.000	238
FILE	/private/tmp/oath-runtime-catalog/crops/denizen-nf-rev1-9-5.jpg
0.276476	0.874442	0.546678	0.055264	1.000	Ancient Pact
0.084871	0.811060	0.147601	0.032258	1.000	000
0.162362	0.299539	0.697417	0.036866	1.000	WHEN PLAYED, if you're an Exile
0.195572	0.262673	0.630996	0.036866	1.000	and hold the Darkest Secret,
0.199262	0.225806	0.623616	0.034562	1.000	you may take a random relic
0.162362	0.191244	0.697417	0.034562	1.000	from the Reliquary and become
0.176787	0.155374	0.665038	0.036181	1.000	a Citizen. Follow the steps in the
0.214022	0.119816	0.590406	0.032258	1.000	rules and end your Act Phase.
FILE	/private/tmp/oath-runtime-catalog/crops/denizen-nf-rev1-9-6.jpg
0.269373	0.868664	0.594096	0.062212	1.000	Family agon
0.086667	0.162442	0.833333	0.041724	1.000	You have no adviser limit but may
0.099074	0.124731	0.322148	0.040860	1.000	only have •
0.413284	0.126728	0.501845	0.036866	1.000	advisers-bury other
0.110701	0.085253	0.793358	0.039171	1.000	advisers you have or would gain.
0.878229	0.052995	0.077491	0.020737	1.000	A 168
FILE	/private/tmp/oath-runtime-catalog/crops/denizen-nf-rev1-9-7.jpg
0.268065	0.871495	0.582119	0.063056	1.000	Relic Corship
0.158672	0.140553	0.686347	0.048387	1.000	After recovering a relic,
0.291231	0.095756	0.417539	0.048119	1.000	gain 2 Supply.
0.870849	0.055300	0.077491	0.018433	1.000	A 173
FILE	/private/tmp/oath-runtime-catalog/crops/denizen-nf-rev1-9-8.jpg
0.250923	0.875576	0.523985	0.050691	1.000	Tribute Spoils
0.084436	0.158849	0.820145	0.042597	1.000	If you're victorious in a conquest,
0.093333	0.125000	0.793333	0.042051	1.000	take ® for each card at targeted
0.059041	0.085253	0.870849	0.039171	1.000	sites from the matching favor bank.
0.889299	0.055300	0.051661	0.018433	1.000	239
FILE	/private/tmp/oath-runtime-catalog/crops/edifice-e01-intact.jpg
0.265683	0.875576	0.520295	0.050691	1.000	hall of Debate
0.070111	0.813364	0.143911	0.029954	1.000	000
0.107011	0.764977	0.081181	0.032258	1.000	And
0.095941	0.182028	0.800738	0.034562	1.000	If this card's ruler holds the People's
0.084871	0.145161	0.830258	0.034562	1.000	Favor, their enemies cannot target the
0.110250	0.103503	0.768507	0.041446	1.000	People's Favor. If ruled by Empire,
0.177122	0.069124	0.642066	0.032258	1.000	all Imperials have this power.
0.892989	0.055300	0.055351	0.018433	1.000	E01
FILE	/private/tmp/oath-runtime-catalog/crops/edifice-e01-ruined.jpg
0.254613	0.875576	0.586716	0.048387	1.000	hall of Mockery
0.110701	0.313364	0.756458	0.032258	1.000	SETUP (END) / WHEN EXPLORED:
0.243542	0.271889	0.136531	0.034562	1.000	Place
0.579114	0.273743	0.166495	0.033159	1.000	on the
0.169742	0.228111	0.653137	0.039171	1.000	People's Favor and move it
0.162362	0.186636	0.664207	0.039171	1.000	to the shared bank-players
0.176654	0.145859	0.632111	0.042528	1.000	cannot start with it. Burn
0.258303	0.108295	0.546125	0.036866	1.000	from each favor bank.
0.826568	0.092166	0.059041	0.016129	0.500	E01
FILE	/private/tmp/oath-runtime-catalog/crops/edifice-e02-intact.jpg
0.287823	0.847926	0.542435	0.048387	1.000	Great Market
0.092251	0.783410	0.136531	0.029954	0.500	300
0.129151	0.739631	0.073801	0.025346	1.000	and
0.129151	0.260369	0.778598	0.034562	1.000	SETUP (END) / WHEN EXPLORED:
0.236162	0.221198	0.129151	0.032258	1.000	Place
0.442804	0.221198	0.357934	0.029954	1.000	on this site for
0.239385	0.174856	0.558428	0.041406	1.000	each denizen (including
0.206642	0.133641	0.619926	0.039171	1.000	this) in this region. Players
0.284133	0.094470	0.472325	0.036866	1.000	may take it in Wake.
0.848708	0.059908	0.055351	0.018433	1.000	E02
FILE	/private/tmp/oath-runtime-catalog/crops/edifice-e02-ruined.jpg
0.280443	0.845622	0.612546	0.050691	1.000	Bandit Market
0.136531	0.260369	0.756458	0.036866	1.000	SETUP (END) / WHEN EXPLORED:
0.191882	0.223502	0.129151	0.032258	1.000	Place
0.398524	0.221198	0.431734	0.032258	1.000	on each site ruled
0.184502	0.175115	0.656827	0.041475	1.000	by the bandits. (Players may
0.214022	0.138249	0.560886	0.036866	1.000	take it in Wake.) Burn
0.243542	0.099078	0.542435	0.034562	1.000	from each favor bank.
0.841328	0.059908	0.055351	0.018433	1.000	E02
FILE	/private/tmp/oath-runtime-catalog/crops/edifice-e03-intact.jpg
0.110701	0.854839	0.077491	0.020737	1.000	• •
0.077491	0.778802	0.140221	0.034562	1.000	000
0.110701	0.737327	0.084871	0.027650	1.000	And
0.273063	0.847926	0.516605	0.048387	1.000	Grand Canal
0.335793	0.142857	0.557196	0.036866	1.000	Act as if this site is
0.335793	0.089862	0.557196	0.043779	1.000	a Coast along with
0.330297	0.037310	0.498502	0.053229	1.000	its other powers.
0.904059	0.027650	0.047970	0.013825	0.300	EO3
FILE	/private/tmp/oath-runtime-catalog/crops/edifice-e03-ruined.jpg
0.247105	0.840537	0.524241	0.056253	1.000	Lost Lagoon
0.166052	0.069124	0.066421	0.029954	1.000	+2
0.328413	0.142857	0.549815	0.036866	1.000	Act as if this site is
0.328413	0.089862	0.601476	0.043779	1.000	an Island along with
0.323201	0.038036	0.498053	0.054193	1.000	its other powers.
0.892989	0.025346	0.051661	0.016129	0.500	E03
FILE	/private/tmp/oath-runtime-catalog/crops/edifice-e04-intact.jpg
0.294676	0.873646	0.502899	0.059160	1.000	Stone Baths
0.095941	0.811060	0.143911	0.034562	0.500	030
0.129151	0.769585	0.084871	0.025346	1.000	and
0.132841	0.158986	0.782288	0.039171	1.000	CHRONICLE (SUN): Players with a
0.143911	0.122120	0.756458	0.034562	1.000	pawn at this site do not discard
0.243542	0.080645	0.560886	0.036866	1.000	their dormant legacies.
0.918819	0.055300	0.051661	0.018433	1.000	E04
FILE	/private/tmp/oath-runtime-catalog/crops/edifice-e04-ruined.jpg
0.280443	0.875576	0.575646	0.055300	1.000	Ruined Baths
0.092251	0.163594	0.852399	0.034562	1.000	CHRONICLE (SUN): Exiles at this site
0.073801	0.119816	0.889299	0.041475	1.000	don't need to meet the goals of their
0.095941	0.080645	0.841328	0.036866	1.000	active legacies to keep them active.
0.911439	0.055300	0.051661	0.018433	1.000	E04
FILE	/private/tmp/oath-runtime-catalog/crops/edifice-e05-intact.jpg
0.276753	0.875576	0.575646	0.052995	1.000	Amber Doors
0.199262	0.311060	0.634686	0.036866	1.000	SETUP / WHEN EXPLORED:
0.236162	0.267281	0.553506	0.039171	1.000	If you place your pawn
0.250923	0.225806	0.527675	0.039171	1.000	here, you may discard
0.225092	0.186636	0.579336	0.041475	1.000	all of your legacies (even
0.173432	0.152074	0.686347	0.034562	1.000	dormant) to draw 2 dormant
0.202952	0.105991	0.616236	0.036866	1.000	legacies and activate one.
0.845018	0.089862	0.051661	0.018433	1.000	E05
FILE	/private/tmp/oath-runtime-catalog/crops/edifice-e05-ruined.jpg
0.261814	0.874943	0.476372	0.054261	1.000	Lost Doors
0.202952	0.230415	0.605166	0.034562	1.000	SETUP / WHEN EXPLORED:
0.158672	0.186636	0.697417	0.039171	1.000	If you place your pawn here,
0.158672	0.145161	0.693727	0.041475	1.000	draw a dormant legacy, then
0.239852	0.108295	0.535055	0.036866	1.000	discard one you hold.
0.837638	0.089862	0.051661	0.018433	1.000	E05
FILE	/private/tmp/oath-runtime-catalog/crops/edifice-e06-intact.jpg
0.283449	0.844551	0.481538	0.055708	1.000	Great Porge
0.081181	0.778802	0.147601	0.041475	1.000	000
0.199262	0.211982	0.634686	0.034562	1.000	SETUP / WHEN EXPLORED:
0.166052	0.165899	0.697417	0.041475	1.000	If you place your pawn here,
0.202952	0.131336	0.627306	0.034562	1.000	draw a relic from the relic
0.188192	0.089862	0.656827	0.036866	1.000	deck and take it facedown.
0.845018	0.059908	0.055351	0.018433	1.000	E06
FILE	/private/tmp/oath-runtime-catalog/crops/edifice-e06-ruined.jpg
0.272812	0.837727	0.568768	0.059568	1.000	Broken Forge
0.191882	0.200461	0.634686	0.034562	1.000	SETUP / WHEN EXPLORED:
0.228782	0.156682	0.553506	0.039171	1.000	If you place your pawn
0.214022	0.115207	0.590406	0.039171	1.000	here, discard all relics at
0.272323	0.073951	0.470613	0.041214	1.000	sites in this region.
0.837638	0.059908	0.055351	0.018433	1.000	E06
FILE	/private/tmp/oath-runtime-catalog/crops/edifice-e07-intact.jpg
0.269373	0.847926	0.564576	0.048387	1.000	Cild Pastures
0.073801	0.781106	0.143911	0.032258	1.000	030
0.107011	0.735023	0.084871	0.029954	1.000	And
0.258303	0.649770	0.103321	0.032258	0.300	аим
0.136531	0.133641	0.730627	0.027650	1.000	Whenever this card's ruler would
0.099565	0.096590	0.195705	0.028019	1.000	discard a
0.383764	0.089862	0.520295	0.034562	1.000	card from a power, they
0.110701	0.055300	0.350554	0.032258	1.000	may instead pay
0.538745	0.059908	0.143911	0.029954	1.000	to the
0.756458	0.057604	0.136531	0.032258	1.000	bank.
0.900369	0.025346	0.047970	0.016129	1.000	E07
FILE	/private/tmp/oath-runtime-catalog/crops/edifice-e07-ruined.jpg
0.265683	0.847926	0.583026	0.046083	1.000	Blasted Pastures
0.110701	0.133641	0.767528	0.032258	1.000	CHRONICLE (START OF THRONE):
0.139367	0.087934	0.204662	0.040722	1.000	Bury all
0.423729	0.089517	0.425770	0.038424	1.000	cards on the map
0.092251	0.055300	0.797048	0.032258	1.000	unless the winner rules this card.
0.889299	0.023041	0.051661	0.020737	1.000	E07
FILE	/private/tmp/oath-runtime-catalog/crops/edifice-e08-intact.jpg
0.291513	0.875576	0.612546	0.055300	1.000	Sacred Ground
0.088561	0.808756	0.151292	0.039171	1.000	000
0.594096	0.460829	0.129151	0.032258	0.500	→: I
0.180812	0.161290	0.682657	0.039171	1.000	Players cannot play Visions,
0.158672	0.122120	0.734317	0.039171	1.000	except the Conspiracy, faceup
0.140221	0.087558	0.760148	0.034562	1.000	unless their pawn is at this site.
0.915129	0.055300	0.055351	0.018433	1.000	E08
FILE	/private/tmp/oath-runtime-catalog/crops/edifice-e08-ruined.jpg
0.284133	0.880184	0.671587	0.043779	1.000	Desecrated Ground
0.154982	0.182028	0.712177	0.029954	1.000	If an Exile reveals a Vision while
0.154982	0.138249	0.712177	0.034562	1.000	their pawn is at this site, they do
0.147601	0.110599	0.730627	0.027650	1.000	not discard their current revealed
0.151292	0.066820	0.723247	0.034562	1.000	Vision. They can have any number!
0.907749	0.055300	0.055351	0.018433	1.000	E08
FILE	/private/tmp/oath-runtime-catalog/crops/edifice-e09-intact.jpg
0.280195	0.874672	0.509721	0.057108	1.000	Giant's Path
0.077491	0.808756	0.151292	0.036866	1.000	000
0.084871	0.147465	0.848708	0.034562	1.000	ActIon: Move this card to another
0.110701	0.103687	0.793358	0.036866	1.000	site, then place your pawn there.
0.904059	0.055300	0.051661	0.018433	1.000	E09
FILE	/private/tmp/oath-runtime-catalog/crops/edifice-e09-ruined.jpg
0.273063	0.873272	0.594096	0.050691	1.000	Giant's Rampage
0.132841	0.182028	0.738007	0.036866	1.000	Action: Bury a denizen at any
0.129151	0.140553	0.741697	0.039171	1.000	site (even here). If you do, move
0.158672	0.103687	0.693727	0.039171	1.000	Giant's Rampage to that site
0.173432	0.066820	0.660517	0.036866	1.000	and place your pawn there.
0.896679	0.055300	0.051661	0.018433	1.000	E09
FILE	/private/tmp/oath-runtime-catalog/crops/edifice-e10-intact.jpg
0.298893	0.852535	0.616236	0.041475	1.000	Temple of Ancestors
0.095941	0.781106	0.143911	0.032258	1.000	000
0.206642	0.154378	0.642066	0.034562	1.000	ActIon: Draw a card from
0.169742	0.117512	0.723247	0.034562	1.000	the bottom of the world deck
0.166052	0.073733	0.723247	0.036866	1.000	and play it to your advisers or
0.177122	0.034562	0.708487	0.041475	1.000	discard it, as if you searched.
0.922509	0.025346	0.051661	0.016129	1.000	E10
FILE	/private/tmp/oath-runtime-catalog/crops/edifice-e10-ruined.jpg
0.269373	0.834101	0.664207	0.071429	1.000	Ruined Temple
0.206642	0.281106	0.630996	0.036866	1.000	SETUP / WHEN EXPLORED:
0.177122	0.235023	0.693727	0.041475	1.000	If you place your pawn here,
0.173432	0.195853	0.354244	0.036866	1.000	you may burn
0.560886	0.198157	0.306273	0.036866	1.000	». If you do
0.162362	0.154378	0.719557	0.039171	1.000	and then win the game, score
0.173432	0.115207	0.701107	0.041475	1.000	double the legacy points and
0.188192	0.078341	0.667897	0.036866	1.000	take rule of all bandit sites.
0.848708	0.057604	0.059041	0.020737	1.000	E10
FILE	/private/tmp/oath-runtime-catalog/crops/edifice-e11-intact.jpg
0.118081	0.857143	0.077491	0.029954	1.000	**
0.081181	0.781106	0.147601	0.034562	1.000	000
0.280443	0.841014	0.472325	0.055300	1.000	Great Spire
0.088561	0.154378	0.848708	0.029954	1.000	AcTIon: Add 3 random cards from the
0.110701	0.115207	0.797048	0.034562	1.000	Dispossessed to this region's discard
0.107011	0.073733	0.811808	0.036866	1.000	pile, then add the bottom 3 denizens
0.132841	0.041475	0.763838	0.032258	1.000	from that pile to the Dispossessed.
0.907749	0.023041	0.055351	0.018433	1.000	E11
FILE	/private/tmp/oath-runtime-catalog/crops/edifice-e11-ruined.jpg
0.276158	0.838935	0.499345	0.061761	1.000	Pallen Spire
0.154982	0.274194	0.708487	0.029954	1.000	SETUP (END) / WHEN EXPLORED:
0.180370	0.230886	0.657651	0.041277	1.000	Swap denizens in this region's
0.221402	0.198157	0.575646	0.032258	1.000	discard pile with the same
0.132841	0.165899	0.756458	0.027650	1.000	number of random cards from the
0.143911	0.122120	0.745387	0.036866	1.000	Dispossessed. Then, shuffle these
0.129151	0.087558	0.760148	0.034562	1.000	cards with any Visions in this pile.
0.837638	0.059908	0.055351	0.018433	1.000	E11
FILE	/private/tmp/oath-runtime-catalog/crops/edifice-e12-intact.jpg
0.129151	0.877880	0.036900	0.025346	1.000	*
0.110701	0.857143	0.070111	0.020737	1.000	**
0.073801	0.781106	0.151292	0.032258	1.000	830
0.269084	0.846782	0.480283	0.050675	1.000	Great Olock
0.195572	0.135945	0.612546	0.029954	1.000	AcTIoN: Advance the round
0.158672	0.094470	0.690037	0.034562	1.000	marker once, if possible. Do not
0.151292	0.064516	0.081181	0.029954	1.000	Toll
0.295203	0.059908	0.557196	0.032258	1.000	• This cannot end the game.
0.896679	0.023041	0.051661	0.018433	1.000	E12
FILE	/private/tmp/oath-runtime-catalog/crops/edifice-e12-ruined.jpg
0.107011	0.857143	0.066421	0.020737	1.000	**
0.265683	0.847926	0.560886	0.048387	1.000	Broken Clock
0.110701	0.198157	0.767528	0.034562	1.000	SETUP (END) / WHEN EXPLORED:
0.162362	0.161290	0.664207	0.032258	1.000	Advance the round marker
0.173432	0.112903	0.642066	0.039171	1.000	once, if possible. Do not roll
0.243542	0.078341	0.557196	0.032258	1.000	. This cannot end the game.
0.826568	0.059908	0.055351	0.018433	1.000	E12
FILE	/private/tmp/oath-runtime-catalog/crops/edifice-e13-intact.jpg
0.284133	0.877880	0.653137	0.048387	1.000	Underground Library
0.095941	0.813364	0.143911	0.029954	1.000	00
0.136531	0.168203	0.771218	0.032258	1.000	AcTIon: Peek at all relics in this
0.106667	0.125000	0.826667	0.037500	1.000	region, then swap one with a relic
0.154982	0.085253	0.738007	0.036866	1.000	you have, placing it facedown.
0.915129	0.055300	0.051661	0.018433	1.000	E13
FILE	/private/tmp/oath-runtime-catalog/crops/edifice-e13-ruined.jpg
0.282888	0.872732	0.619098	0.059295	1.000	Drowned Library
0.084871	0.161290	0.856089	0.036866	1.000	If your pawn is at this site, you may
0.066421	0.124424	0.892989	0.039171	1.000	recover the top card of the relic deck
0.110701	0.087558	0.808118	0.036866	1.000	instead. Its recover difficulty is 5.
0.907749	0.055300	0.055351	0.018433	1.000	E13
FILE	/private/tmp/oath-runtime-catalog/crops/edifice-e14-intact.jpg
0.284133	0.877880	0.520295	0.050691	1.000	Stone Portal
0.081181	0.811060	0.147601	0.032258	1.000	030
0.107011	0.767281	0.092251	0.029954	1.000	And
0.173432	0.179724	0.667897	0.034562	1.000	AcTIon: If your pawn is at this
0.147601	0.142857	0.719557	0.034562	1.000	site, place your pawn on another
0.121771	0.103687	0.771218	0.036866	1.000	site. If your pawn is not at this site,
0.202952	0.071429	0.612546	0.032258	1.000	place your pawn at this site.
0.904059	0.052995	0.051661	0.020737	1.000	E14
FILE	/private/tmp/oath-runtime-catalog/crops/edifice-e14-ruined.jpg
0.273063	0.880184	0.590406	0.046083	1.000	Shattered Portal
0.073801	0.179724	0.856089	0.034562	1.000	AcTIon: If your pawn is at this site, roll
0.110701	0.145161	0.826568	0.032258	1.000	and place your pawn that many sites
0.099631	0.112903	0.800738	0.029954	1.000	Hinterward. The bottom Hinterland
0.143911	0.071429	0.715867	0.032258	1.000	site wraps to the top Cradle site.
0.896679	0.052995	0.051661	0.020737	1.000	E14
FILE	/private/tmp/oath-runtime-catalog/crops/edifice-e15-intact.jpg
0.295203	0.850230	0.638376	0.046083	1.000	Marble Fountains
0.092251	0.778802	0.151292	0.046083	1.000	000
0.173432	0.131336	0.715867	0.039171	1.000	WAKE: If your pawn is at this
0.140221	0.089862	0.774908	0.041475	1.000	site, refresh your Supply marker
0.264643	0.050030	0.522693	0.044351	1.000	to the leftmost space.
0.926199	0.027650	0.047970	0.013825	1.000	E15
FILE	/private/tmp/oath-runtime-catalog/crops/edifice-e15-ruined.jpg
0.284133	0.843318	0.608856	0.052995	1.000	Murky Fountain
0.184502	0.149770	0.667897	0.034562	1.000	AcTIon: If your pawn is at this
0.191232	0.111230	0.219013	0.037909	1.000	site, roll 2
0.487085	0.115207	0.361624	0.034562	1.000	and gain Supply
0.158672	0.078341	0.715867	0.032258	1.000	equal to the total • rolled. If you
0.184502	0.036866	0.671587	0.036866	1.000	roll none, end your Act Phase.
0.918819	0.027650	0.047970	0.013825	1.000	E15
FILE	/private/tmp/oath-runtime-catalog/crops/edifice-e16-intact.jpg
0.261993	0.841014	0.605166	0.052995	1.000	hall of Ministers
0.073801	0.133641	0.856089	0.032258	1.000	Enemies of this card's ruler cannot
0.055351	0.089862	0.889299	0.039171	1.000	discard cards from sites ruled by this
0.081181	0.050691	0.833948	0.039171	1.000	card's ruler. They can still be buried.
0.892989	0.023041	0.055351	0.020737	1.000	E16
FILE	/private/tmp/oath-runtime-catalog/crops/edifice-e16-ruined.jpg
0.254613	0.845622	0.546125	0.048387	1.000	hall of Bandits
0.206642	0.138249	0.571956	0.039171	1.000	CHRONICLE: Ruined
0.136531	0.085253	0.712177	0.046083	1.000	edifices ruled by bandits
0.228782	0.046083	0.505535	0.039171	1.000	are not discarded
0.885609	0.025346	0.055351	0.018433	1.000	E16
FILE	/private/tmp/oath-runtime-catalog/crops/edifice-e17-intact.jpg
0.287702	0.877398	0.513157	0.051656	1.000	Relic Patrols
0.088561	0.811060	0.147601	0.032258	1.000	030
0.110701	0.172811	0.811808	0.041475	1.000	Enemies of this card's ruler
0.110701	0.126728	0.815498	0.039171	1.000	cannot recover relics at sites
0.151292	0.073733	0.741697	0.046083	1.000	ruled by this card's ruler.
0.911439	0.055300	0.051661	0.018433	1.000	E17
FILE	/private/tmp/oath-runtime-catalog/crops/edifice-e17-ruined.jpg
0.273063	0.877880	0.527675	0.050691	1.000	Bandit Patrols
0.110701	0.172811	0.804428	0.039171	1.000	Enemies of this card's ruler
0.173432	0.126728	0.678967	0.036866	1.000	cannot recover relics at
0.188192	0.073733	0.645756	0.046083	1.000	sites ruled by bandits.
0.904059	0.055300	0.051661	0.018433	1.000	E17
FILE	/private/tmp/oath-runtime-catalog/crops/edifice-e18-intact.jpg
0.273063	0.880184	0.590406	0.046083	1.000	Tome Guardians
0.081181	0.811060	0.136531	0.032258	1.000	000
0.107011	0.767281	0.092251	0.032258	1.000	And
0.398524	0.693548	0.446494	0.078341	0.500	(1.07
0.107011	0.188940	0.797048	0.027650	1.000	If this card's ruler holds the Darkest
0.110701	0.145161	0.778598	0.034562	1.000	Secret, their enemies cannot target
0.080576	0.103431	0.850287	0.045224	1.000	the Darkest Secret. If ruled by Empire,
0.184502	0.069124	0.642066	0.032258	1.000	all Imperials have this power.
0.900369	0.055300	0.055351	0.018433	1.000	E18
FILE	/private/tmp/oath-runtime-catalog/crops/edifice-e18-ruined.jpg
0.247232	0.880184	0.553506	0.046083	1.000	Lost Guardians
0.110346	0.290198	0.783045	0.038634	1.000	SETUP (END) / WHEN EXPLORED:
0.247232	0.253456	0.132841	0.032258	1.000	Place
0.590152	0.252911	0.162869	0.031045	1.000	on the
0.173432	0.211982	0.660517	0.034562	1.000	Darkest Secret and move it
0.173432	0.168203	0.656827	0.036866	1.000	to the shared bank. Players
0.254613	0.129032	0.490775	0.034562	1.000	cannot start with it.
0.830258	0.089862	0.059041	0.018433	1.000	E18
FILE	/private/tmp/oath-runtime-catalog/crops/edifice-e19-intact.jpg
0.291513	0.847926	0.557196	0.048387	1.000	The Tribunal
0.099631	0.783410	0.132841	0.027650	1.000	030
0.169742	0.152074	0.723247	0.036866	1.000	WHEN NEGOTIATING: You may
0.188192	0.112903	0.667897	0.034562	1.000	negotiate with players at any
0.147601	0.073733	0.752768	0.039171	1.000	sites. Players may make binding
0.143071	0.022184	0.829358	0.060390	1.000	promises, even into later games. E19
FILE	/private/tmp/oath-runtime-catalog/crops/edifice-e19-ruined.jpg
0.280443	0.850230	0.590406	0.043779	1.000	Bandit Tribunal
0.177122	0.129032	0.682657	0.036866	1.000	WHEN NEGOTIATING: Players
0.173432	0.089862	0.686347	0.036866	1.000	at sites ruled by bandits may
0.199262	0.050691	0.634686	0.036866	1.000	negotiate with each other.
0.911439	0.025346	0.051661	0.016129	1.000	E19
FILE	/private/tmp/oath-runtime-catalog/crops/edifice-e20-intact.jpg
0.280443	0.843318	0.667897	0.052995	1.000	Towering Rampart
0.084871	0.781106	0.143911	0.029954	1.000	030
0.047970	0.082949	0.143911	0.059908	1.000	+2
0.343173	0.135945	0.509225	0.043779	1.000	if your pawn is at
0.346863	0.096774	0.439114	0.036866	1.000	this site or this
0.346863	0.043779	0.439114	0.043779	1.000	site is targeted.
0.904059	0.025346	0.055351	0.016129	1.000	E20
FILE	/private/tmp/oath-runtime-catalog/crops/edifice-e20-ruined.jpg
0.269373	0.845622	0.623616	0.048387	1.000	Cracked Bampart
0.040590	0.082949	0.136531	0.059908	1.000	+1
0.339483	0.089862	0.619926	0.043779	1.000	if this site is targeted.
0.900369	0.025346	0.051661	0.016129	1.000	E20
FILE	/private/tmp/oath-runtime-catalog/crops/edifice-e21-intact.jpg
0.280443	0.882488	0.560886	0.043779	1.000	Festival District
0.084871	0.811060	0.140221	0.032258	0.500	000
0.110701	0.163594	0.804428	0.036866	1.000	WHEN NEGOTIATING: Players may
0.125461	0.122120	0.774908	0.039171	1.000	give, receive, and swap advisers.
0.088561	0.087558	0.856089	0.036866	1.000	Players must follow their adviser limits.
0.907749	0.055300	0.055351	0.018433	1.000	E21
FILE	/private/tmp/oath-runtime-catalog/crops/edifice-e21-ruined.jpg
0.276753	0.875576	0.564576	0.048387	1.000	Squalid District
0.158672	0.182028	0.701107	0.032258	1.000	AcTIoN: Discard any number of
0.081181	0.145161	0.848708	0.032258	1.000	facedown advisers you have. Draw that
0.117706	0.107364	0.775850	0.037907	1.000	many denizens from the bottom of
0.103321	0.073733	0.808118	0.029954	1.000	the world deck as facedown advisers.
0.900369	0.055300	0.055351	0.018433	1.000	E21
FILE	/private/tmp/oath-runtime-catalog/crops/edifice-e22-intact.jpg
0.269373	0.873272	0.623616	0.050691	1.000	Proving Grounds
0.073801	0.811060	0.147601	0.032258	1.000	030
0.188192	0.209677	0.634686	0.034562	1.000	SETUP / WHEN EXPLORED:
0.154982	0.163594	0.697417	0.041475	1.000	If you place your pawn here,
0.247232	0.126728	0.512915	0.039171	1.000	gain three warbands.
0.833948	0.089862	0.055351	0.018433	1.000	E22
FILE	/private/tmp/oath-runtime-catalog/crops/edifice-e22-ruined.jpg
0.265683	0.870968	0.642066	0.055300	1.000	Empty Grounds
0.107011	0.207373	0.785978	0.039171	1.000	SETUP (END) / WHEN EXPLORED:
0.180812	0.172811	0.634686	0.034562	1.000	Discard all other denizens
0.317016	0.125538	0.354899	0.041550	1.000	in this region.
0.826568	0.089862	0.055351	0.018433	1.000	E22
FILE	/private/tmp/oath-runtime-catalog/crops/edifice-e23-intact.jpg
0.291336	0.840395	0.513268	0.058842	1.000	Spiral Castle
0.088561	0.778802	0.151292	0.034562	1.000	000
0.169742	0.131336	0.697417	0.036866	1.000	If you're victorious in a raid,
0.106667	0.091667	0.820000	0.045833	1.000	place the defender's pawn on this
0.180812	0.050691	0.682657	0.043779	1.000	site, and they lose 2 Supply.
0.915129	0.025346	0.051661	0.016129	1.000	E23
FILE	/private/tmp/oath-runtime-catalog/crops/edifice-e23-ruined.jpg
0.287823	0.843318	0.605166	0.050691	1.000	Spiral Dungeons
0.154982	0.131336	0.715867	0.039171	1.000	If you're victorious, place the
0.066421	0.092166	0.892989	0.039171	1.000	attacker's pawn on this site, and they
0.093333	0.054147	0.826667	0.041686	1.000	lose 2 Supply. Bandits will use this.
0.907749	0.025346	0.051661	0.018433	1.000	E23
FILE	/private/tmp/oath-runtime-catalog/crops/edifice-e24-intact.jpg
0.272609	0.837097	0.532273	0.063132	1.000	Boiling Lake
0.405904	0.474654	0.070111	0.025346	0.500	P/SL
0.132841	0.131336	0.760148	0.039171	1.000	If you travel to this site and do
0.110701	0.092166	0.785978	0.036866	1.000	not rule this card, you must kill
0.099631	0.055300	0.822878	0.039171	1.000	2 warbands on your board if able.
0.904059	0.023041	0.051661	0.018433	1.000	E24
FILE	/private/tmp/oath-runtime-catalog/crops/edifice-e24-ruined.jpg
0.273063	0.847926	0.542435	0.046083	1.000	Still Boiling Lake
0.180152	0.126586	0.643569	0.045805	1.000	Cards cannot be played to
0.162362	0.092166	0.682657	0.034562	1.000	this site. This card can still be
0.154982	0.048387	0.693727	0.041475	1.000	discarded by People's Favor, etc.
0.896679	0.023041	0.051661	0.018433	1.000	E24
FILE	/private/tmp/oath-runtime-catalog/crops/edifice-e25-intact.jpg
0.295203	0.873272	0.597786	0.050691	1.000	hidden Passages
0.099631	0.811060	0.143911	0.032258	0.500	030
0.100000	0.162442	0.846667	0.050058	1.000	WAKE: If your pawn is at this
0.139560	0.117099	0.780438	0.051556	1.000	site and its ruler consents,
0.110701	0.073733	0.833948	0.043779	1.000	place your pawn on any site.
0.918819	0.055300	0.055351	0.018433	1.000	E25
FILE	/private/tmp/oath-runtime-catalog/crops/edifice-e25-ruined.jpg
0.280443	0.873272	0.612546	0.052995	1.000	Sinking Passages
0.154982	0.165899	0.738007	0.043779	1.000	WAKE: If your pawn is at
0.110701	0.117512	0.667897	0.048387	1.000	this site, you may burn
0.863469	0.126728	0.066421	0.027650	1.000	to
0.110701	0.073733	0.822878	0.046083	1.000	place your pawn on any site.
0.911439	0.055300	0.055351	0.018433	1.000	E25
FILE	/private/tmp/oath-runtime-catalog/crops/edifice-e26-intact.jpg
0.265683	0.843318	0.601476	0.050691	1.000	hallowed Spring
0.151292	0.152074	0.701107	0.036866	1.000	When trading at this site for
0.228782	0.112903	0.531365	0.036866	1.000	, you must place both
0.166052	0.073733	0.664207	0.036866	1.000	on the card you are trading
0.166052	0.036866	0.671587	0.036866	1.000	with (instead of burning one).
0.892989	0.023041	0.055351	0.020737	1.000	E26
FILE	/private/tmp/oath-runtime-catalog/crops/edifice-e26-ruined.jpg
0.254201	0.837223	0.543258	0.062882	1.000	hiding Place
0.166052	0.152074	0.656827	0.034562	1.000	CHRONICLE (THRONE): This
0.125461	0.108295	0.730627	0.043779	1.000	site's ruler may secretly keep a
0.110701	0.066820	0.760148	0.041475	1.000	relic they have facedown. They
0.162362	0.032258	0.660517	0.036866	1.000	start the next game with it.
0.885609	0.025346	0.055351	0.018433	1.000	E26
FILE	/private/tmp/oath-runtime-catalog/crops/edifice-e27-intact.jpg
0.291513	0.880184	0.553506	0.043779	1.000	School of Vines
0.088561	0.811060	0.147601	0.032258	1.000	030
0.106667	0.162442	0.806667	0.041724	1.000	You may challenge a banner held
0.140221	0.124424	0.752768	0.036866	1.000	by an enemy even if your pawn
0.202952	0.085253	0.623616	0.039171	1.000	is not at their pawn's site.
0.911439	0.055300	0.051661	0.018433	1.000	E27
FILE	/private/tmp/oath-runtime-catalog/crops/edifice-e27-ruined.jpg
0.276753	0.877880	0.619926	0.052995	1.000	Ruined School
0.121441	0.234618	0.779280	0.037401	1.000	SETUP (END) / WHEN EXPLORED:
0.180812	0.198157	0.132841	0.032258	1.000	Place
0.398524	0.198157	0.435424	0.032258	1.000	on each site ruled
0.243542	0.152074	0.535055	0.039171	1.000	by the bandits. Players
0.276753	0.112903	0.472325	0.036866	1.000	may take it in Wake.
0.841328	0.089862	0.051661	0.018433	1.000	E27
FILE	/private/tmp/oath-runtime-catalog/crops/edifice-e28-intact.jpg
0.273063	0.880184	0.538745	0.046083	1.000	Oaken Fortress
0.431734	0.753456	0.077491	0.027650	0.500	0 0
0.109845	0.174804	0.795391	0.046336	1.000	While this card's ruler is at this site,
0.088561	0.140553	0.833948	0.034562	1.000	they cannot be targeted by a challenge
0.080000	0.103687	0.853333	0.038018	1.000	or a raid campaign. If ruled by Empire,
0.184502	0.064516	0.642066	0.032258	1.000	all Imperials have this power.
0.900369	0.055300	0.055351	0.018433	1.000	E28
FILE	/private/tmp/oath-runtime-catalog/crops/edifice-e28-ruined.jpg
0.265683	0.873272	0.575646	0.052995	1.000	Rotting Fortress
0.154982	0.179724	0.686347	0.034562	1.000	Players at this site cannot be
0.110701	0.138249	0.778598	0.036866	1.000	targeted by a challenge or a raid
0.129151	0.099078	0.741697	0.041475	1.000	campaign, unless the targeting
0.217586	0.061841	0.291766	0.039912	1.000	player has a
0.589302	0.064253	0.194090	0.039697	1.000	adviser.
0.892989	0.055300	0.055351	0.018433	1.000	E28
FILE	/private/tmp/oath-runtime-catalog/crops/edifice-e29-intact.jpg
0.291513	0.850230	0.619926	0.043779	1.000	Forbidden Forest
0.191882	0.133641	0.664207	0.032258	1.000	Enemies of this card's ruler
0.143911	0.094470	0.756458	0.032258	1.000	cannot travel to this site unless
0.247232	0.050691	0.276753	0.039171	1.000	they have a
0.608856	0.050691	0.195572	0.039171	1.000	adviser.
0.918819	0.023041	0.051661	0.020737	1.000	E29
FILE	/private/tmp/oath-runtime-catalog/crops/edifice-e29-ruined.jpg
0.284133	0.847926	0.564576	0.048387	1.000	Bandit Porest
0.151292	0.126728	0.560886	0.039171	1.000	Imperials cannot place
0.125461	0.089862	0.778598	0.036866	1.000	on cards ruled by bandits or use
0.177122	0.050691	0.678967	0.034562	1.000	their non-persistent powers.
0.911439	0.023041	0.051661	0.020737	1.000	E29
FILE	/private/tmp/oath-runtime-catalog/crops/edifice-e30-intact.jpg
0.280443	0.843318	0.505535	0.052995	1.000	Porest horn
0.077491	0.778802	0.151292	0.041475	1.000	000
0.109894	0.134239	0.784183	0.049747	1.000	AcTIoN: Choose a region.
0.113333	0.091667	0.800000	0.045833	1.000	Discard all non-• denizens
0.194570	0.038691	0.640959	0.054363	1.000	at sites in that region.
0.907749	0.025346	0.051661	0.016129	1.000	E30
FILE	/private/tmp/oath-runtime-catalog/crops/edifice-e30-ruined.jpg
0.265683	0.841014	0.568266	0.057604	1.000	Broken horn
0.110701	0.158986	0.782288	0.036866	1.000	SETUP (END) / WHEN EXPLORED:
0.136531	0.115207	0.745387	0.043779	1.000	Bury this region's discard pile.
0.837638	0.059908	0.051661	0.018433	1.000	E30
FILE	/private/tmp/oath-runtime-catalog/crops/legacy-ancestral-lands.jpg
0.103321	0.269585	0.092251	0.412442	1.000	Great Architect
0.277652	0.269386	0.061992	0.433589	1.000	IF YOU ARE AN IMPERIAL:
0.360000	0.270833	0.073333	0.541667	1.000	CHRONICLE (THRoNE): You perform
0.416434	0.270240	0.084159	0.492962	1.000	Build Edifice and may build any
0.501520	0.269463	0.065665	0.465750	1.000	edifice (not just a matching one).
0.586716	0.271889	0.055351	0.359447	1.000	Do this even if the Iron
0.656827	0.271889	0.062731	0.246544	1.000	Hand is in play.
0.918819	0.935484	0.029520	0.034562	0.500	LO7
FILE	/private/tmp/oath-runtime-catalog/crops/legacy-arbiter.jpg
0.103321	0.241935	0.099631	0.509217	1.000	The Bright Beacon
0.280443	0.241935	0.066421	0.543779	1.000	CHRONICLE (BEACON): If you're
0.350553	0.239631	0.077491	0.615207	1.000	resolving the Beacon, you may take
0.428044	0.239631	0.070111	0.619816	1.000	any six cards from the Dispossessed
0.501845	0.239631	0.066421	0.571429	1.000	(instead of choosing suits and taking
0.575646	0.239631	0.066421	0.465438	1.000	from their matching dividers).
0.918819	0.907834	0.029520	0.034562	1.000	L24
FILE	/private/tmp/oath-runtime-catalog/crops/legacy-beloved.jpg
0.121771	0.241935	0.099631	0.308756	1.000	The Mouth
0.286667	0.237500	0.066667	0.529167	1.000	Set Foundation VI to Festival.
0.380000	0.241667	0.066667	0.541667	1.000	ACTION: Burn to activate a
0.442812	0.237095	0.090956	0.534226	1.000	dormant legacy if you meet its
0.535055	0.239631	0.070111	0.605991	1.000	goal. You can even activate legacies in
0.608856	0.239631	0.066421	0.527650	1.000	the Public Ambitions foundation.
0.937269	0.907834	0.025830	0.032258	1.000	134
FILE	/private/tmp/oath-runtime-catalog/crops/legacy-chronicler.jpg
0.118081	0.239631	0.092251	0.317972	1.000	Peacemaker
0.287823	0.239631	0.062731	0.453917	1.000	ActIon: Return a banner
0.358700	0.239438	0.073173	0.507192	1.000	you hold to the shared bank.
0.439114	0.244240	0.062731	0.281106	1.000	Do not adjust its (
0.527675	0.239631	0.073801	0.536866	1.000	If you do, remove all warbands
0.596672	0.239407	0.076002	0.558070	1.000	except the last (including bandits)
0.667047	0.239242	0.082314	0.563097	1.000	from each site and player board,
0.767528	0.239631	0.051661	0.200461	1.000	even yours.
0.929889	0.905530	0.029520	0.034562	1.000	L04
FILE	/private/tmp/oath-runtime-catalog/crops/legacy-circle-of-swords.jpg
0.121771	0.274194	0.081181	0.248848	1.000	Steadfast
0.278044	0.271441	0.082516	0.551701	1.000	CHRONICLE: Your other legacies
0.361624	0.271889	0.059041	0.463134	1.000	cannot become dormant-
0.439114	0.269585	0.066421	0.394009	1.000	they always stay active.
0.929889	0.937788	0.029520	0.032258	0.500	LO3
FILE	/private/tmp/oath-runtime-catalog/crops/legacy-conspirator.jpg
0.116990	0.241470	0.097626	0.376605	1.000	Secret Society
0.280000	0.237500	0.066667	0.595833	1.000	SETUP: Before building the world deck,
0.357934	0.237327	0.062731	0.658986	1.000	you may secretly choose a Vision except the
0.408453	0.241279	0.079995	0.621537	1.000	Conspiracy to take as a facedown adviser
0.494465	0.239631	0.066421	0.629032	1.000	(Discard excess advisers.) If you do, advance
0.555218	0.239364	0.064957	0.495980	1.000	the Visions Drawn marker once.
0.929889	0.905530	0.029520	0.034562	1.000	128
FILE	/private/tmp/oath-runtime-catalog/crops/legacy-gatekeeper.jpg
0.103321	0.271889	0.103321	0.214286	1.000	Wealthy
0.273333	0.270833	0.066667	0.362500	1.000	Set Foundation II to
0.346667	0.266667	0.066667	0.370833	1.000	Movers and Shakers.
0.479705	0.269585	0.062731	0.564516	1.000	SETUP: After placing your pawn, take
0.540000	0.275000	0.066667	0.620833	1.000	from two players or take OO® from the
0.610515	0.269290	0.061450	0.201212	1.000	shared bank.
0.918819	0.937788	0.029520	0.032258	1.000	L31
FILE	/private/tmp/oath-runtime-catalog/crops/legacy-golden-key.jpg
0.103321	0.239631	0.103321	0.228111	1.000	Populist
0.275119	0.239441	0.074196	0.597151	1.000	SETUP: When setting up the favor
0.350553	0.241935	0.073801	0.566820	1.000	banks, you may choose to divide
0.428044	0.239631	0.066421	0.599078	1.000	the favor among the banks evenly.
0.498155	0.239631	0.077491	0.525346	1.000	If you do, take any remainder.
0.585796	0.241636	0.081897	0.482209	1.000	For example, dividing 19 favor
0.647626	0.237101	0.087038	0.438456	1.000	among the banks leaves you
0.741697	0.239631	0.062731	0.156682	1.000	one favor.
0.918819	0.907834	0.029520	0.032258	1.000	L16
FILE	/private/tmp/oath-runtime-catalog/crops/legacy-great-architect.jpg
0.103321	0.271889	0.092251	0.311060	1.000	The Needle
0.275934	0.271578	0.082204	0.613615	1.000	After you take a banner in any way,
0.357934	0.269585	0.070111	0.550691	1.000	you may flip it to its other side.
0.922509	0.937788	0.029520	0.032258	1.000	L05
FILE	/private/tmp/oath-runtime-catalog/crops/legacy-heirloom.jpg
0.116996	0.273472	0.092238	0.225055	1.000	The Car
0.280000	0.270833	0.066667	0.391667	1.000	AcTIoN: You may peek at
0.355742	0.269221	0.063177	0.311884	1.000	the relics at any site.
0.424945	0.271392	0.084788	0.607289	1.000	CHRONICLE (THRONE): In Scatter Relics,
0.503616	0.269281	0.064885	0.521231	1.000	you examine the relics and choose
0.568671	0.269148	0.073625	0.342124	1.000	which sites they go to.
0.929889	0.935484	0.029520	0.034562	1.000	L19
FILE	/private/tmp/oath-runtime-catalog/crops/legacy-high-priest.jpg
0.110701	0.244240	0.088561	0.122120	1.000	Seer
0.280443	0.237327	0.073801	0.582949	1.000	SETUP: When building the world
0.357934	0.241935	0.077491	0.647465	1.000	deck, peek at the Visions and secretly
0.435424	0.241935	0.066421	0.493088	1.000	place them in any positions.
0.922509	0.905530	0.033210	0.034562	1.000	122
FILE	/private/tmp/oath-runtime-catalog/crops/legacy-iron-hand.jpg
0.125461	0.241935	0.077491	0.283410	1.000	Chronicler
0.286667	0.241667	0.066667	0.566667	1.000	CHRONICLE (SUN): After Resolve
0.363651	0.241642	0.085264	0.578978	1.000	Legacies, you may declare that all
0.442804	0.241935	0.070111	0.550691	1.000	players score their legacies now.
0.530990	0.241748	0.074100	0.380574	1.000	Each legacy may only be
0.604906	0.236754	0.076361	0.340111	1.000	scored once per game.
0.933579	0.907834	0.029520	0.032258	0.500	LO2
FILE	/private/tmp/oath-runtime-catalog/crops/legacy-keeper-of-order.jpg
0.099631	0.235023	0.103321	0.345622	1.000	Matchmaker
0.284133	0.241935	0.066421	0.548387	1.000	Whenever players draw legacies
0.346667	0.237500	0.066667	0.579167	1.000	from the deck and choose one to
0.414230	0.237176	0.087829	0.534001	1.000	keep, you draw and choose for
0.498405	0.239342	0.078268	0.532873	1.000	them instead. The Amber Doors
0.579336	0.239631	0.066421	0.426267	1.000	edifice does not trigger this.
0.922509	0.907834	0.029520	0.032258	1.000	L14
FILE	/private/tmp/oath-runtime-catalog/crops/legacy-light-fingers.jpg
0.102253	0.241383	0.107468	0.611574	1.000	Quest to Distant Lands
0.284133	0.241935	0.062731	0.626728	1.000	SETUP: You may choose to not place your
0.350553	0.241935	0.066421	0.635945	1.000	pawn. If you do, you may choose one card
0.416974	0.239631	0.066421	0.601382	1.000	from the Dispossessed and swap it with
0.480000	0.237500	0.066667	0.566667	1.000	a starting adviser or card you drew in
0.546667	0.237500	0.066667	0.637500	1.000	Foundation IV. It is not buried by the Oaths
0.619926	0.239631	0.062731	0.239631	1.000	of Loyalty legacy.
0.722246	0.241631	0.070347	0.555871	1.000	WAKE: On your first turn, you must
0.792771	0.241614	0.066562	0.415430	1.000	place your pawn at any site.
0.922509	0.907834	0.033210	0.034562	1.000	L30
FILE	/private/tmp/oath-runtime-catalog/crops/legacy-matchmaker.jpg
0.111162	0.269183	0.108790	0.436258	1.000	Keeper of Order
0.288728	0.271703	0.061964	0.431273	1.000	IF YOU ARE AN IMPERIAL:
0.370802	0.271277	0.088726	0.595648	1.000	BATTLE PLAN: If your enemy is an
0.453343	0.271529	0.081130	0.222022	1.000	Imperial, +2l
0.453138	0.541206	0.073462	0.353103	1.000	and you ignore all a
0.527675	0.269585	0.070111	0.426267	1.000	you roll when attacking.
0.926199	0.940092	0.033210	0.029954	1.000	L11
FILE	/private/tmp/oath-runtime-catalog/crops/legacy-oaths-of-loyalty.jpg
0.128219	0.241275	0.093820	0.307666	1.000	Conspirator
0.287324	0.239331	0.083774	0.599728	1.000	WAKE: On your first turn, secretly
0.353776	0.237294	0.080878	0.608840	1.000	write down which round the game
0.442804	0.241935	0.066421	0.566820	1.000	will end on and who will win. If
0.516198	0.239336	0.074586	0.567293	1.000	you are correct, you win instead.
0.575841	0.241346	0.077720	0.509030	1.000	This even beats a Successor win.
0.937269	0.905530	0.025830	0.034562	1.000	126
FILE	/private/tmp/oath-runtime-catalog/crops/legacy-pathfinder.jpg
FILE	/private/tmp/oath-runtime-catalog/crops/legacy-peacemaker.jpg
0.103321	0.239631	0.088561	0.433180	1.000	Ancestral Lands
0.280443	0.239631	0.059041	0.433180	1.000	IF YOU ARE AN IMPERIAL:
0.369004	0.239631	0.070111	0.559908	1.000	TRAVEL: Traveling to the Cradle
0.442804	0.239631	0.070111	0.421659	1.000	costs you only 1 Supply.
0.918819	0.905530	0.029520	0.034562	1.000	LOS
FILE	/private/tmp/oath-runtime-catalog/crops/legacy-populist.jpg
0.095857	0.270756	0.108273	0.364441	1.000	Revolutionary
0.266373	0.270588	0.078185	0.596373	1.000	CHRONICLE (THRONE): After Build
0.350553	0.271889	0.077491	0.645161	1.000	Edifice, you may discard any number
0.423643	0.271697	0.072959	0.498137	1.000	of denizens at Imperial sites.
0.918819	0.937788	0.029520	0.032258	1.000	L15
FILE	/private/tmp/oath-runtime-catalog/crops/legacy-quest-to-distant-lands.jpg
0.117997	0.271356	0.097759	0.353589	1.000	Light Fingers
0.279174	0.271592	0.082714	0.562848	1.000	WAKE: When you Take Wealth,
0.354785	0.265419	0.080680	0.281444	1.000	you may take ®
0.364963	0.630884	0.069581	0.245072	1.000	from your site
0.434510	0.271662	0.077563	0.534932	1.000	even if enemy pawns are there.
0.929889	0.937788	0.029520	0.036866	1.000	L27
FILE	/private/tmp/oath-runtime-catalog/crops/legacy-reformer.jpg
FILE	/private/tmp/oath-runtime-catalog/crops/legacy-revolutionary.jpg
0.099631	0.271889	0.103321	0.370968	1.000	(Corld Crafter
0.284133	0.269585	0.066421	0.525346	1.000	SETUP: For the Imperial Maps
0.357934	0.269585	0.073801	0.615207	1.000	foundation, you fill site slots, using
0.428044	0.269585	0.070111	0.576037	1.000	any mix of Recent and Forgotten
0.505535	0.269585	0.066421	0.603687	1.000	Sites (after resolving the Rival legacy).
0.584181	0.271373	0.087889	0.627933	1.000	For the Wide Horizons foundation,
0.671587	0.269585	0.070111	0.599078	1.000	when anyone explores, you fill the
0.745387	0.269585	0.066421	0.635945	1.000	slot with a Recent or Forgotten Site.
0.922509	0.937788	0.029520	0.032258	1.000	L13
FILE	/private/tmp/oath-runtime-catalog/crops/legacy-rival.jpg
0.121771	0.241935	0.095941	0.564516	1.000	The Standard Bearer
0.280803	0.237042	0.087814	0.642504	1.000	SETUP: After placing your pawn, you
0.358435	0.241490	0.082173	0.606899	1.000	may take a banner from the shared
0.442804	0.241935	0.070111	0.442396	1.000	bank and place two more
0.461255	0.813364	0.040590	0.050691	1.000	on
0.516605	0.239631	0.066421	0.428571	1.000	it from the shared bank.
0.933579	0.907834	0.029520	0.032258	1.000	L18
FILE	/private/tmp/oath-runtime-catalog/crops/legacy-royal-line.jpg
0.105723	0.238449	0.109819	0.322910	1.000	Golden Key
0.291513	0.239631	0.055351	0.433180	1.000	IF YOU ARE AN IMPERIAL:
0.380074	0.241935	0.070111	0.656682	1.000	You may always peek at the Reliquary.
0.472325	0.241935	0.059041	0.251152	1.000	AcTIoN: Burn
0.468635	0.610599	0.062731	0.239631	1.000	to take a relic
0.527175	0.236629	0.092225	0.352183	1.000	from the Reliquary.
0.929889	0.907834	0.029520	0.043779	1.000	L12
FILE	/private/tmp/oath-runtime-catalog/crops/legacy-ruthless.jpg
0.116888	0.273383	0.104584	0.428044	1.000	Oaths of Loyalty
0.291513	0.269585	0.073801	0.564516	1.000	When you would gain a starting
0.369004	0.271889	0.077491	0.483871	1.000	adviser, bury it, except for-
0.457565	0.269585	0.066421	0.566820	1.000	CHRONICLE (WORLD): In Gather
0.535055	0.274194	0.070111	0.638249	1.000	Denizens, keep your faceup advisers.
0.608856	0.269585	0.070111	0.481567	1.000	They will be your facedown
0.667693	0.265933	0.083892	0.334701	1.000	starting advisers in
0.753543	0.268314	0.081707	0.263089	1.000	the next game.
0.937269	0.937788	0.025830	0.034562	1.000	L-25
FILE	/private/tmp/oath-runtime-catalog/crops/legacy-scepter-bearer.jpg
0.125059	0.241801	0.091347	0.290571	1.000	Royal Line
0.286667	0.237500	0.066667	0.391667	1.000	IF YOU ARE A CITIZEN:
0.383020	0.241819	0.074375	0.610850	1.000	CHRONICLE (SUN): You may choose
0.451379	0.239323	0.079407	0.624997	1.000	which Imperial meets the Successor
0.535055	0.239631	0.066421	0.458525	1.000	goal. Ignore the printed goal.
0.600000	0.237500	0.066667	0.375000	1.000	You may choose no one.
0.933579	0.905530	0.033210	0.034562	1.000	L10
FILE	/private/tmp/oath-runtime-catalog/crops/legacy-secret-society.jpg
0.094933	0.239975	0.114981	0.289820	1.000	Gatekeeper
0.273333	0.237500	0.066667	0.379167	1.000	Set Foundation III to
0.346667	0.237500	0.066667	0.325000	1.000	Public Ambitions.
0.433066	0.241506	0.082785	0.572353	1.000	CHRONICLE (SUN): Before players
0.516605	0.239631	0.077491	0.587558	1.000	resolve legacies, you may take one
0.590075	0.239442	0.075103	0.530362	1.000	active legacy from an enemy if
0.666989	0.238938	0.075395	0.309852	1.000	you meet its goal.
0.918819	0.905530	0.029520	0.034562	1.000	L32
FILE	/private/tmp/oath-runtime-catalog/crops/legacy-seer.jpg
0.103321	0.269585	0.107011	0.315668	1.000	high Priest
0.265069	0.270517	0.081931	0.604891	1.000	AcTIoN: If you have the Darkest Secret,
0.346698	0.268980	0.074769	0.452957	1.000	you may move any number of
0.350554	0.778802	0.051661	0.078341	1.000	from
0.420664	0.269585	0.062731	0.605991	1.000	the Darkest Secret to your player board.
0.501845	0.271889	0.055351	0.327189	1.000	WHEN NEGOTIATING:
0.570542	0.270570	0.068222	0.202732	1.000	You may give
0.929889	0.940092	0.022140	0.029954	1.000	L21
FILE	/private/tmp/oath-runtime-catalog/crops/legacy-steadfast.jpg
0.107011	0.241935	0.088561	0.426267	1.000	Circle of Swords
0.284133	0.239631	0.066421	0.527650	1.000	SETUP: You gain eight starting
0.350133	0.239460	0.078713	0.606310	1.000	warbands (instead of three). If you're
0.411872	0.237074	0.089588	0.625903	1.000	Imperial and other Imperials would
0.505535	0.241935	0.073801	0.622120	1.000	gain fewer than three, you gain less.
0.922509	0.905530	0.029520	0.034562	0.500	L06
FILE	/private/tmp/oath-runtime-catalog/crops/legacy-the-bright-beacon.jpg
0.107011	0.274194	0.084871	0.195853	1.000	Arbiter
0.273333	0.270833	0.066667	0.550000	1.000	END OF ROUND: Before the end
0.354243	0.271889	0.073801	0.546083	1.000	die is rolled, you may choose to
0.428044	0.274194	0.070111	0.481567	1.000	modify the roll by - 1 to +3.
0.918819	0.937788	0.029520	0.032258	1.000	L.23
FILE	/private/tmp/oath-runtime-catalog/crops/legacy-the-ear.jpg
0.118081	0.239631	0.088561	0.253456	1.000	heirloom
0.278933	0.241352	0.080248	0.513118	1.000	CHRONICLE (THRONE): Before
0.365314	0.239631	0.077491	0.592166	1.000	Scatter Relics, secretly choose one
0.439114	0.239631	0.066421	0.629032	1.000	of your relics to keep facedown. You
0.508782	0.239519	0.072505	0.550995	1.000	will start the next game with it.
0.929889	0.905530	0.029520	0.036866	1.000	L20
FILE	/private/tmp/oath-runtime-catalog/crops/legacy-the-mouth.jpg
0.121771	0.241935	0.088561	0.288018	1.000	Pathfinder
0.280000	0.237500	0.066667	0.637500	1.000	Set Foundation I to Wide Horizons.
0.379734	0.241794	0.076619	0.495682	1.000	TRAVEL: You may ignore the
0.451354	0.244065	0.086876	0.620153	1.000	Mountain, Island, and Pass powers.
0.929889	0.907834	0.029520	0.032258	1.000	L36
FILE	/private/tmp/oath-runtime-catalog/crops/legacy-the-needle.jpg
0.121771	0.269585	0.099631	0.294931	1.000	Iron hand
0.291513	0.269585	0.062731	0.615207	1.000	If you are Imperial, discard Iron Hand.
0.388896	0.270236	0.085475	0.605321	1.000	SETUP: If you were in the previous game,
0.460000	0.270833	0.066667	0.629167	1.000	you place one warband on all sites coming
0.520000	0.266667	0.073333	0.604167	1.000	from the Atlas until the Empire divider,
0.585282	0.266217	0.087770	0.659246	1.000	and players may place their pawn at any site.
0.673333	0.270833	0.073333	0.654167	1.000	CHRONICLE: Score your legacies in addition
0.752767	0.269585	0.066421	0.640553	1.000	to the winner, and perform Shape Empire
0.806667	0.266667	0.066667	0.587500	1.000	and Build Edifice (Throne). Your sites
0.873333	0.266667	0.073333	0.625000	1.000	are stored in place of the Empire (Stars).
0.933579	0.937788	0.029520	0.032258	1.000	LO1
FILE	/private/tmp/oath-runtime-catalog/crops/legacy-the-standard-bearer.jpg
0.121771	0.271889	0.084871	0.142857	1.000	Rival
0.295203	0.271889	0.059041	0.486175	1.000	CHRONICLE (THRONE): In Shape
0.361243	0.271796	0.067694	0.571636	1.000	Empire, you may prevent any number
0.420000	0.270833	0.066667	0.516667	1.000	of denizens from being discarded.
0.529855	0.269332	0.059701	0.327612	1.000	IF YOU ARE AN EXILE:
0.616236	0.271889	0.070111	0.670507	1.000	SETUP: Before resolving foundations, fill the
0.681349	0.269457	0.066674	0.659261	1.000	three Cradlemost empty site slots using the
0.752767	0.274194	0.066421	0.647465	1.000	Empire setup rules, but place one warband
0.812956	0.274795	0.073804	0.633774	1.000	of yours on each (not an Imperial warband).
0.889299	0.271889	0.059041	0.608295	1.000	You may place your pawn on these sites.
0.933579	0.937788	0.029520	0.032258	1.000	L17
FILE	/private/tmp/oath-runtime-catalog/crops/legacy-wealthy.jpg
0.110701	0.274194	0.088561	0.223502	1.000	Ruthless
0.267692	0.270279	0.086401	0.467991	1.000	ACTION: Burn to bury
0.351675	0.270273	0.080116	0.384573	1.000	a denizen at your site.
0.922509	0.937788	0.029520	0.032258	1.000	1.29
FILE	/private/tmp/oath-runtime-catalog/crops/legacy-world-crafter.jpg
0.121106	0.273665	0.105356	0.394963	1.000	Scepter Bearer
0.292695	0.269430	0.061694	0.433537	1.000	IF YOU ARE AN IMPERIAL:
0.413333	0.266667	0.066667	0.575000	1.000	SETUP: You start with the Grand
0.494465	0.269585	0.070111	0.571429	1.000	Scepter (instead of the Chancellor).
0.933579	0.937788	0.033210	0.032258	1.000	L09
FILE	/private/tmp/oath-runtime-catalog/crops/relic-amber-flame.jpg
0.086505	0.878229	0.449827	0.066421	1.000	Amber Flame
0.131488	0.778598	0.072664	0.055351	1.000	26
0.792388	0.815498	0.058824	0.084871	1.000	2
0.100346	0.143911	0.259516	0.044280	1.000	AcTIoN: Burn
0.422145	0.147601	0.044983	0.029520	1.000	or
0.546713	0.143911	0.352941	0.044280	1.000	from a banner held
0.154167	0.084444	0.691667	0.053932	1.000	by a player whose pawn is at your site.
0.871972	0.044280	0.051903	0.029520	1.000	R32
FILE	/private/tmp/oath-runtime-catalog/crops/relic-ancient-grit.jpg
0.152249	0.874539	0.432526	0.070111	1.000	Ancient Crit
0.197232	0.782288	0.065744	0.051661	1.000	81
0.861592	0.815498	0.051903	0.081181	1.000	1
0.190311	0.136531	0.754325	0.051661	1.000	ACTION: Bury this to draw 3 legacy cards,
0.179931	0.092251	0.771626	0.051661	1.000	keep 1 facedown, and discard the other 2.
0.937716	0.047970	0.048443	0.025830	1.000	R22
FILE	/private/tmp/oath-runtime-catalog/crops/relic-bag-of-siegeworks.jpg
0.145329	0.859779	0.588235	0.081181	1.000	Bag of Siegeworks
0.204152	0.771218	0.062284	0.062731	1.000	42
0.861592	0.811808	0.058824	0.084871	1.000	2
0.214533	0.136531	0.702422	0.066421	1.000	If you're targeting sites, ignore
0.373062	0.074678	0.468803	0.070287	1.000	rolls with a single o.
0.937716	0.044280	0.051903	0.029520	1.000	R37
FILE	/private/tmp/oath-runtime-catalog/crops/relic-bandit-crown.jpg
0.079585	0.874539	0.463668	0.070111	1.000	Bandit Crown
0.134948	0.785978	0.065744	0.047970	1.000	56
0.795848	0.819188	0.051903	0.081181	1.000	3
0.186851	0.166052	0.647059	0.047970	1.000	You may use cards at sites ruled by
0.158333	0.115556	0.679167	0.054186	1.000	bandits as if you ruled them. You may
0.190311	0.066421	0.622837	0.055351	1.000	use these battle plans against bandits.
0.875433	0.051661	0.044983	0.022140	1.000	R11
FILE	/private/tmp/oath-runtime-catalog/crops/relic-bandit-standard.jpg
0.020761	0.878229	0.543253	0.062731	1.000	Bandit Standard
0.076125	0.785978	0.058824	0.047970	1.000	55
0.733564	0.815498	0.051903	0.081181	0.500	3
0.269896	0.166052	0.425606	0.047970	1.000	for each bandit in your
0.128028	0.114391	0.622837	0.047970	1.000	region. This cannot be used while
0.152249	0.062731	0.574394	0.051661	1.000	targeting sites ruled by bandits.
0.809689	0.044280	0.051903	0.029520	1.000	R30
FILE	/private/tmp/oath-runtime-catalog/crops/relic-barbed-net.jpg
0.017301	0.874539	0.387543	0.066421	1.000	Barbed 1et
0.072664	0.785978	0.062284	0.047970	1.000	33
0.737024	0.819188	0.044983	0.081181	1.000	1
0.086505	0.140221	0.705882	0.059041	1.000	AcTION: Take a relic from your
0.089965	0.081181	0.698962	0.062731	1.000	site. (You may keep it facedown.)
0.806228	0.047970	0.055363	0.029520	1.000	R36
FILE	/private/tmp/oath-runtime-catalog/crops/relic-black-sword.jpg
0.083045	0.874539	0.418685	0.070111	1.000	Black Sword
0.134948	0.782288	0.065744	0.051661	1.000	73
0.363322	0.092251	0.217993	0.099631	0.500	+50
0.792388	0.815498	0.058824	0.084871	1.000	2
0.500971	0.617676	0.185670	0.177842	0.500	2Z4K42-
0.871972	0.047970	0.051903	0.029520	1.000	R35
FILE	/private/tmp/oath-runtime-catalog/crops/relic-bone-dice.jpg
0.013643	0.873307	0.356798	0.068883	1.000	Bone Dice
0.065744	0.771218	0.072664	0.081181	0.500	1
0.737024	0.819188	0.041522	0.081181	1.000	1
0.017301	0.147601	0.249135	0.040590	1.000	ActIon: Roll
0.391003	0.140221	0.463668	0.047970	1.000	Gain 1 Supply for each x
0.020761	0.088561	0.833910	0.051661	1.000	rolled, then bury this relic if you rolled any a.
0.806228	0.044280	0.051903	0.029520	1.000	R24
FILE	/private/tmp/oath-runtime-catalog/crops/relic-book-of-records.jpg
0.148789	0.874539	0.539792	0.066421	1.000	Book of Records
0.204152	0.785978	0.062284	0.047970	1.000	50
0.871972	0.819188	0.041522	0.077491	0.500	1
0.477509	0.405904	0.100346	0.036900	0.300	Telle
0.211073	0.243542	0.138408	0.051661	0.500	L0303
0.176471	0.147601	0.252595	0.040590	1.000	AcTIoN: Take
0.529412	0.147601	0.041522	0.029520	1.000	or
0.695502	0.143911	0.266436	0.044280	1.000	from a banner
0.176471	0.092251	0.782007	0.047970	1.000	held by a player whose pawn is at your site.
0.937716	0.044280	0.051903	0.029520	1.000	R19
FILE	/private/tmp/oath-runtime-catalog/crops/relic-brass-army.jpg
0.145047	0.858129	0.391566	0.080789	1.000	Brass Army
0.858131	0.811808	0.055363	0.084871	1.000	3
0.470588	0.247232	0.096886	0.077491	1.000	+4
0.152249	0.099631	0.830450	0.051661	1.000	Whenever your pawn moves (travel or place), bury
0.238754	0.051661	0.660900	0.047970	1.000	this or flip a secret you have facedown.
0.937716	0.040590	0.051903	0.029520	1.000	R25
FILE	/private/tmp/oath-runtime-catalog/crops/relic-brass-horse.jpg
0.013685	0.862500	0.398236	0.075738	1.000	Brass Worse
0.072664	0.782288	0.062284	0.047970	1.000	76
0.107266	0.195572	0.660900	0.047970	1.000	AcTION: Reveal the top card of your
0.096886	0.143911	0.678201	0.051661	1.000	region's discard pile. Place your pawn
0.079585	0.095941	0.716263	0.047970	1.000	at a different site with a matching card.
0.134948	0.044280	0.605536	0.051661	1.000	If you cannot, place it at any site.
0.806228	0.040590	0.051903	0.029520	0.500	ROS
FILE	/private/tmp/oath-runtime-catalog/crops/relic-circlet-of-command.jpg
0.020761	0.878229	0.643599	0.062731	1.000	Circlet of Command
0.072664	0.782288	0.062284	0.047970	1.000	12
0.141869	0.140221	0.591696	0.055351	1.000	Players cannot target your
0.110727	0.073801	0.657439	0.066421	1.000	banners or your other relics.
0.806228	0.040590	0.051903	0.029520	1.000	R15
FILE	/private/tmp/oath-runtime-catalog/crops/relic-clay-rattle.jpg
0.082717	0.865385	0.360518	0.081037	1.000	Alay Rattle
0.138408	0.785978	0.062284	0.047970	1.000	45
0.795848	0.811808	0.058824	0.084871	1.000	2
0.484429	0.623616	0.093426	0.070111	0.500	LI'
0.145833	0.142066	0.716667	0.057934	1.000	ActIon: Shuffle the world deck
0.193772	0.077491	0.629758	0.066421	1.000	or any region's discard pile.
0.875433	0.044280	0.048443	0.029520	1.000	R47
FILE	/private/tmp/oath-runtime-catalog/crops/relic-cracked-horn.jpg
0.148789	0.870849	0.460208	0.073801	1.000	Cracked horn
0.204152	0.778598	0.069204	0.059041	1.000	21
0.868512	0.819188	0.048443	0.081181	1.000	1
0.214533	0.143911	0.695502	0.047970	1.000	You may put all the cards you discard
0.262976	0.092251	0.615917	0.047970	1.000	on the bottom of the world deck.
0.937716	0.047970	0.051903	0.025830	0.500	R10
FILE	/private/tmp/oath-runtime-catalog/crops/relic-crystal-vial.jpg
0.016869	0.860953	0.384948	0.082523	1.000	Orystal Vial
0.069204	0.774908	0.065744	0.059041	1.000	71
0.737024	0.819188	0.041522	0.077491	1.000	1
0.013841	0.140221	0.840830	0.047970	1.000	AcTIon: Bury an adviser of yours or a denizen
0.027682	0.088561	0.816609	0.051661	1.000	at your site. (Bury ignores the locked restriction.)
0.806228	0.044280	0.051903	0.029520	1.000	R21
FILE	/private/tmp/oath-runtime-catalog/crops/relic-cup-of-plenty.jpg
0.148671	0.862704	0.456984	0.082710	1.000	Qup of Plenty
0.204152	0.785978	0.062284	0.047970	1.000	96
0.868512	0.819188	0.044983	0.077491	1.000	1
0.148789	0.140221	0.833910	0.051661	1.000	Spend no Supply if you're trading with a card
0.186851	0.092251	0.761246	0.047970	1.000	that does not match any of your advisers.
0.937716	0.044280	0.051903	0.029520	0.500	R07
FILE	/private/tmp/oath-runtime-catalog/crops/relic-cursed-cauldron.jpg
0.083045	0.870849	0.546713	0.070111	1.000	Cursed Cauldron
0.134948	0.785978	0.038062	0.047970	1.000	8.
0.166090	0.785978	0.031142	0.040590	1.000	4
0.792388	0.811808	0.058824	0.084871	1.000	2
0.138408	0.136531	0.723183	0.051661	1.000	If you're victorious, gain 1 warband per
0.133333	0.084444	0.733333	0.053932	1.000	enemy warband killed in this campaign.
0.871972	0.040590	0.051903	0.029520	1.000	R02
FILE	/private/tmp/oath-runtime-catalog/crops/relic-demon-tail.jpg
0.151943	0.872503	0.398537	0.074182	1.000	Demon Tail
0.204152	0.785978	0.062284	0.047970	1.000	69
0.871972	0.819188	0.041522	0.077491	1.000	1
0.619377	0.586716	0.072664	0.036900	1.000	0 0
0.294118	0.107011	0.553633	0.062731	1.000	AcTIon: Gain 2 Supply.
0.937716	0.044280	0.051903	0.029520	1.000	R46
FILE	/private/tmp/oath-runtime-catalog/crops/relic-dowsing-sticks.jpg
0.020761	0.867159	0.494810	0.077491	1.000	Dowsing Sticks
0.740484	0.819188	0.044983	0.077491	0.500	1
0.069204	0.147601	0.740484	0.044280	1.000	ACTION: Draw a relic from the relic deck
0.093426	0.092251	0.688581	0.047970	1.000	and take it. (You may keep it facedown.)
0.806228	0.044280	0.051903	0.029520	1.000	R09
FILE	/private/tmp/oath-runtime-catalog/crops/relic-dragonskin-drum.jpg
0.086505	0.867159	0.595156	0.077491	1.000	Dragonskin Drum
0.138408	0.785978	0.062284	0.047970	1.000	59
0.795848	0.811808	0.058824	0.084871	1.000	2
0.114187	0.107011	0.785467	0.066421	1.000	After traveling, gain one warband.
0.871972	0.044280	0.055363	0.029520	1.000	R20
FILE	/private/tmp/oath-runtime-catalog/crops/relic-fearsome-shield.jpg
-0.000000	0.874539	0.557093	0.062731	1.000	Hearsome Shield
0.072664	0.782288	0.062284	0.051661	1.000	52
0.733564	0.811808	0.051903	0.081181	1.000	1
0.301038	0.088561	0.141869	0.099631	1.000	+2
0.806228	0.040590	0.055363	0.029520	1.000	R27
FILE	/private/tmp/oath-runtime-catalog/crops/relic-grand-mask.jpg
0.079585	0.870849	0.411765	0.070111	1.000	Grand Mask
0.138408	0.785978	0.065744	0.047970	1.000	36
0.806228	0.819188	0.044983	0.073801	0.500	1
0.136791	0.149765	0.722127	0.068108	1.000	If you're an Exile, during your turn you
0.134948	0.118081	0.737024	0.044280	1.000	rule cards except battle plans at Imperial
0.190311	0.062731	0.626298	0.051661	1.000	sites, and Imperial players do not.
0.871972	0.044280	0.051903	0.029520	1.000	R05
FILE	/private/tmp/oath-runtime-catalog/crops/relic-grand-scepter.jpg
0.206897	0.591533	0.208711	0.018932	1.000	The Grand Scepter
0.439201	0.579942	0.018149	0.018895	1.000	3
0.571688	0.579942	0.170599	0.011628	1.000	This relic cannot be removed
0.566243	0.565217	0.181488	0.013271	1.000	from play or added to a lineage.
0.221416	0.444508	0.246824	0.012014	1.000	If you are Imperial and victorious against a
0.244800	0.430961	0.201779	0.015453	1.000	Citizen, may to exile them.
0.188748	0.414244	0.310345	0.013081	1.000	100333333333222322222233
0.210526	0.401030	0.272232	0.012014	1.000	AcTIoN: You may become a Citizen if an Exile.
0.230490	0.387872	0.228675	0.012014	1.000	IN NEGOTIATION: May offer Citizenship.
FILE	/private/tmp/oath-runtime-catalog/crops/relic-horned-mask.jpg
0.017157	0.855192	0.460495	0.086664	1.000	Horned Mask
0.069204	0.778598	0.065744	0.055351	1.000	48
0.730104	0.811808	0.055363	0.084871	1.000	2
0.044983	0.166052	0.788927	0.047970	1.000	WAKE: You may take a non-edifice denizen
0.107266	0.114391	0.660900	0.047970	1.000	from your site as a facedown adviser
0.124567	0.062731	0.626298	0.051661	1.000	(once per turn, like all Wake powers).
0.806228	0.040590	0.051903	0.033210	1.000	R06
FILE	/private/tmp/oath-runtime-catalog/crops/relic-imperial-seal.jpg
0.086427	0.862961	0.439603	0.078505	1.000	Imperial Seal
0.134948	0.782288	0.062284	0.051661	1.000	35
0.795848	0.811808	0.055363	0.084871	1.000	2
0.175699	0.183765	0.658868	0.066114	1.000	AcTIon: If no Imperial pawns are at
0.134948	0.143911	0.730104	0.047970	1.000	your site, move any number of Imperial
0.134948	0.095941	0.733564	0.047970	1.000	warbands from your site to any Imperial
0.235294	0.044280	0.532872	0.047970	1.000	site or Imperial player board.
0.871972	0.040590	0.051903	0.029520	1.000	R26
FILE	/private/tmp/oath-runtime-catalog/crops/relic-ivory-eye.jpg
0.148463	0.861917	0.318991	0.080593	1.000	Ivory Gye
0.207612	0.785978	0.058824	0.047970	1.000	79
0.861592	0.811808	0.055363	0.084871	1.000	2
0.214533	0.140221	0.698962	0.059041	1.000	ActIon: Peek at any facedown
0.235294	0.081181	0.671280	0.059041	1.000	adviser. (This includes Visions.)
0.937716	0.044280	0.051903	0.029520	1.000	R16
FILE	/private/tmp/oath-runtime-catalog/crops/relic-keeping-banner.jpg
0.016945	0.857527	0.440158	0.085684	1.000	Magic Carpet
0.072664	0.771218	0.069204	0.066421	1.000	51
0.737024	0.815498	0.044983	0.077491	1.000	1
0.107266	0.162362	0.660900	0.047970	1.000	ACTION: Place your pawn at any site.
0.114187	0.107011	0.643599	0.055351	1.000	Then, discard Magic Carpet or give
0.155709	0.062731	0.560554	0.051661	1.000	it to a player at a different site.
0.806228	0.040590	0.051903	0.029520	1.000	R39
FILE	/private/tmp/oath-runtime-catalog/crops/relic-king-of-devotion.jpg
0.017301	0.867159	0.553633	0.077491	1.000	Ring of Devotion
0.069204	0.785978	0.069204	0.051661	1.000	90
0.737024	0.819188	0.044983	0.081181	1.000	1
0.086505	0.140221	0.698962	0.051661	1.000	You may discard cards to your region's
0.044983	0.092251	0.788927	0.047970	1.000	discard pile instead of the next region out.
0.806228	0.047970	0.051903	0.025830	1.000	R12
FILE	/private/tmp/oath-runtime-catalog/crops/relic-lost-tapestry.jpg
0.083045	0.859779	0.446367	0.081181	1.000	Lost Tapestry
0.138408	0.785978	0.062284	0.047970	1.000	85
0.799308	0.815498	0.051903	0.077491	1.000	1
0.141869	0.143911	0.730104	0.055351	1.000	Facedown Visions do not count
0.207612	0.077491	0.595156	0.062731	1.000	against your adviser limit.
0.875433	0.044280	0.048443	0.029520	1.000	R29
FILE	/private/tmp/oath-runtime-catalog/crops/relic-magic-carpet.jpg
0.086505	0.863469	0.508651	0.077491	1.000	Spiteful Mirror
0.134948	0.778598	0.065744	0.055351	1.000	27
0.799308	0.811808	0.051903	0.081181	1.000	1
0.124567	0.132841	0.754325	0.055351	1.000	This turn, you may act as if any cards you
0.176471	0.092251	0.657439	0.044280	1.000	use to trade or muster are • cards.
0.871972	0.040590	0.048443	0.029520	1.000	R41
FILE	/private/tmp/oath-runtime-catalog/crops/relic-magic-waterskin.jpg
0.017301	0.863469	0.543253	0.081181	1.000	Magic Caterskin
0.072664	0.782288	0.065744	0.051661	1.000	24
0.737024	0.815498	0.044983	0.081181	1.000	1
0.176471	0.140221	0.529412	0.059041	1.000	ActIon: Bury this relic
0.245675	0.077491	0.391003	0.062731	1.000	to gain 4 Supply.
0.809689	0.040590	0.048443	0.033210	1.000	R45
FILE	/private/tmp/oath-runtime-catalog/crops/relic-obsidian-cage.jpg
0.020602	0.862429	0.460526	0.083261	1.000	Obsidian Cage
0.072664	0.785978	0.062284	0.047970	1.000	72
0.730104	0.815498	0.055363	0.081181	1.000	3
0.024221	0.287823	0.826990	0.051661	1.000	If you're victorious, move all unkilled warbands
0.086505	0.236162	0.702422	0.051661	1.000	in your enemy's force to Obsidian Cage.
0.041522	0.118081	0.795848	0.051661	1.000	AcTION: Move any number of warbands from
0.034602	0.070111	0.809689	0.051661	1.000	Obsidian Cage to any board of the same color.
0.806228	0.044280	0.055363	0.029520	1.000	R18
FILE	/private/tmp/oath-runtime-catalog/crops/relic-oracular-pig.jpg
0.082571	0.860444	0.419632	0.083539	1.000	Oracular Pig
0.134948	0.785978	0.062284	0.047970	1.000	93
0.792388	0.811808	0.058824	0.084871	1.000	2
0.214533	0.136531	0.557093	0.059041	1.000	ACTION: Peek at the top
0.207612	0.077491	0.595156	0.062731	1.000	3 cards of the world deck.
0.871972	0.040590	0.051903	0.029520	1.000	R14
FILE	/private/tmp/oath-runtime-catalog/crops/relic-painted-trumpet.jpg
0.079585	0.867159	0.567474	0.077491	1.000	Painted Trumpet
0.134948	0.785978	0.069204	0.051661	1.000	46
0.799308	0.815498	0.048443	0.081181	1.000	1
0.120872	0.162220	0.761768	0.056793	1.000	Instead of drawing from one discard pile,
0.086505	0.118081	0.823529	0.047970	1.000	you may draw the top card from each discard
0.096886	0.066421	0.809689	0.047970	1.000	pile. This draw amount cannot be modified.
0.875433	0.051661	0.048443	0.022140	1.000	R23
FILE	/private/tmp/oath-runtime-catalog/crops/relic-secret-testament.jpg
0.089965	0.870849	0.557093	0.070111	1.000	Secret Testament
0.138408	0.782288	0.062284	0.047970	1.000	82
0.795848	0.811808	0.055363	0.084871	1.000	2
0.166090	0.136531	0.678201	0.047970	1.000	When an enemy takes a banner from
0.162630	0.084871	0.394464	0.051661	1.000	you, take all © or ©
0.560515	0.092101	0.280922	0.044862	1.000	on the banner.
0.875433	0.040590	0.051903	0.029520	1.000	R38
FILE	/private/tmp/oath-runtime-catalog/crops/relic-shifting-map.jpg
0.089406	0.859930	0.433645	0.088258	1.000	Shifting Map
0.134948	0.778598	0.065744	0.055351	1.000	15
0.799308	0.811808	0.051903	0.081181	1.000	1
0.214533	0.107011	0.564014	0.062731	1.000	AcTIoN: Gain 1 Supply.
0.875433	0.040590	0.048443	0.033210	1.000	R17
FILE	/private/tmp/oath-runtime-catalog/crops/relic-sigil-of-the-eye.jpg
0.155709	0.863469	0.484429	0.077491	1.000	Sigil of the Aye
0.197232	0.782288	0.069204	0.051661	1.000	66
0.871972	0.819188	0.041522	0.073801	0.500	1
0.311419	0.136531	0.525952	0.062731	1.000	You may challenge the
0.241669	0.075392	0.658681	0.070589	1.000	Darkest Secret from any site.
0.937716	0.044280	0.051903	0.025830	1.000	R43
FILE	/private/tmp/oath-runtime-catalog/crops/relic-sigil-of-the-heart.jpg
0.017301	0.863469	0.543253	0.077491	1.000	Cleeping Banner
0.072664	0.785978	0.058824	0.044280	1.000	63
0.730104	0.811808	0.055363	0.081181	1.000	2
0.145329	0.143911	0.588235	0.055351	1.000	The attacker must resolve
0.121107	0.077491	0.636678	0.062731	1.000	another a for each a rolled.
0.806228	0.040590	0.051903	0.029520	1.000	R42
FILE	/private/tmp/oath-runtime-catalog/crops/relic-silver-charm.jpg
0.152249	0.874539	0.429066	0.066421	1.000	Silver Charm
0.193772	0.767528	0.079585	0.066421	1.000	37
0.868512	0.819188	0.044983	0.077491	0.500	1
0.245675	0.166052	0.643599	0.047970	1.000	Each time you spend Supply to roll
0.290657	0.114391	0.598616	0.051661	1.000	, you may also reroll any number
0.269682	0.065426	0.208040	0.053651	1.000	of previous
0.543253	0.070111	0.321799	0.044280	1.000	at the same time.
0.937716	0.044280	0.048443	0.029520	1.000	R31
FILE	/private/tmp/oath-runtime-catalog/crops/relic-singing-mask.jpg
0.155486	0.861975	0.446814	0.080479	1.000	Singing Mask
0.200692	0.782288	0.069204	0.051661	1.000	54
0.871972	0.819188	0.041522	0.077491	1.000	1
0.211073	0.166052	0.716263	0.044280	1.000	AcTIon: Choose a denizen at your site.
0.208333	0.110701	0.720833	0.053743	1.000	Move up to ©® between the matching
0.256055	0.066421	0.626298	0.047970	1.000	favor bank and the People's Favor.
0.937716	0.044280	0.051903	0.029520	1.000	R28
FILE	/private/tmp/oath-runtime-catalog/crops/relic-skeleton-key.jpg
0.152059	0.858610	0.432906	0.083518	1.000	Skeleton Bey
0.204152	0.785978	0.062284	0.047970	1.000	18
0.861592	0.811808	0.051903	0.084871	1.000	2
0.204152	0.136531	0.723183	0.051661	1.000	AcTIon: If your pawn is at a Hinterland
0.283737	0.084871	0.564014	0.051661	1.000	site, take a relic from your site.
0.937716	0.040590	0.051903	0.029520	1.000	R13
FILE	/private/tmp/oath-runtime-catalog/crops/relic-spiteful-mirror.jpg
0.089965	0.863469	0.557093	0.077491	1.000	Sigil of the heart
0.138408	0.785978	0.062284	0.047970	1.000	53
0.802768	0.811808	0.048443	0.081181	1.000	1
0.245675	0.136531	0.519031	0.066421	1.000	You may challenge the
0.179931	0.077491	0.657439	0.066421	1.000	People's Favor from any site.
0.871972	0.040590	0.051903	0.029520	1.000	R44
FILE	/private/tmp/oath-runtime-catalog/crops/relic-sticky-fire.jpg
0.152080	0.858918	0.360200	0.082902	1.000	Sticky Fire
0.858131	0.811808	0.055363	0.084871	1.000	3
0.204167	0.160000	0.716667	0.054022	1.000	If you're victorious, you may kill all the
0.214533	0.114391	0.705882	0.051661	1.000	warbands in your enemy's force. If you
0.252595	0.062731	0.626298	0.051661	1.000	do, you must give them © if able.
0.937716	0.040590	0.051903	0.029520	0.500	ROI
FILE	/private/tmp/oath-runtime-catalog/crops/relic-truthful-harp.jpg
0.148789	0.863469	0.477509	0.081181	1.000	Truthful harp
0.200692	0.785978	0.065744	0.047970	1.000	39
0.249135	0.162362	0.636678	0.051661	1.000	You may draw 2 more cards. If you
0.249135	0.110701	0.633218	0.055351	1.000	do, you must reveal every card you
0.307958	0.066421	0.525952	0.047970	1.000	draw and the card you keep.
0.937716	0.044280	0.051903	0.029520	1.000	R04
FILE	/private/tmp/oath-runtime-catalog/crops/relic-whispering-stone.jpg
0.145329	0.867159	0.581315	0.077491	1.000	hispering Stone
0.197232	0.782288	0.069204	0.051661	1.000	13
0.858131	0.815498	0.058824	0.084871	1.000	2
0.190311	0.140221	0.750865	0.047970	1.000	AcTIoN: Negotiate with any one player in
0.159170	0.088561	0.816609	0.051661	1.000	private, even if their pawn is not at your site.
0.937716	0.044280	0.051903	0.033210	1.000	R34
FILE	/private/tmp/oath-runtime-catalog/crops/relic-whistle.jpg
0.083045	0.874539	0.245675	0.070111	1.000	(histle
0.799308	0.819188	0.051903	0.077491	1.000	1
0.086505	0.140221	0.833910	0.051661	1.000	AcTIon: Take a pawn from another site, place
0.121107	0.088561	0.602076	0.051661	1.000	it at your site, and give them the
0.726397	0.094932	0.156203	0.046298	1.000	® here.
0.871972	0.044280	0.051903	0.029520	1.000	R08
FILE	/private/tmp/oath-runtime-catalog/crops/relic-wine-of-welcome.jpg
0.017301	0.874539	0.564014	0.066421	1.000	Cine of Celcome
0.737024	0.819188	0.044983	0.077491	1.000	1
0.103806	0.147601	0.671280	0.055351	1.000	Draw from the bottom of the
0.093426	0.077491	0.688581	0.066421	1.000	world deck instead of the top.
0.806228	0.044280	0.051903	0.029520	1.000	R33
FILE	/private/tmp/oath-runtime-catalog/crops/relic-yew-staff.jpg
0.152249	0.859779	0.318339	0.081181	1.000	Yew Staff
0.200692	0.778598	0.065744	0.051661	1.000	60
0.858131	0.811808	0.058824	0.084871	1.000	2
0.176471	0.136531	0.788927	0.062731	1.000	When using card powers, you may
0.148789	0.077491	0.840830	0.062731	1.000	act as if you hold the Darkest Secret.
0.937716	0.040590	0.051903	0.029520	1.000	R40
